date;open;close;adjClose;high;low;volume
04.10.2011;12135000;34.299999;10290000;12240000;10290000;0
05.10.2011;9873000;30.230001;9069000;9945000;9069000;0
06.10.2011;9057000;29;8700000;9390000;8700000;0
07.10.2011;8529000;29.420002;8826000;9288000;8424000;0
10.10.2011;8274000;25.99;7797000;8280000;7797000;0
11.10.2011;7851000;25.1;7530000;7863000;7455000;0
12.10.2011;6972000;21.460001;6438000;6972000;6243000;0
13.10.2011;6660000;21.610001;6483000;7011000;6483000;0
14.10.2011;5868000;19.480001;5844000;6207000;5742000;0
17.10.2011;5787000;23.25;6975000;6975000;5787000;0
18.10.2011;6924000;21.700001;6510000;7386000;5955000;0
19.10.2011;6300000;24.110001;7233000;7416000;6180000;0
20.10.2011;7326000;24.15;7245000;7839000;7140000;0
21.10.2011;6762000;21.700001;6510000;7005000;6510000;0
24.10.2011;6351000;19.060001;5718000;6351000;5691000;0
25.10.2011;5871000;21.550001;6465000;6555000;5871000;0
26.10.2011;5949000;19.840002;5952000;6873000;5886000;0
27.10.2011;4719000;14.55;4365000;4959000;4281000;0
28.10.2011;4524000;14.290001;4287000;4593000;4233000;0
31.10.2011;4692000;17.33;5199000;5199000;4617000;0
01.11.2011;6780000;22.410002;6723000;7044000;6309000;0
02.11.2011;6240000;21.030001;6309000;6759000;6162000;0
03.11.2011;5943000;19.050001;5715000;6708000;5661000;0
04.11.2011;6006000;19.77;5931000;6357000;5763000;0
07.11.2011;5997000;19.410002;5823000;6300000;5820000;0
08.11.2011;5664000;17.58;5274000;5982000;5250000;0
09.11.2011;6063000;24.090002;7227000;7305000;5985000;0
10.11.2011;6375000;21.040001;6312000;7125000;6270000;0
11.11.2011;5844000;19.290001;5787000;5853000;5640000;0
14.11.2011;5958000;20.210001;6063000;6294000;5934000;0
15.11.2011;6282000;19.82;5946000;6396000;5847000;0
16.11.2011;6318000;21.740002;6522000;6603000;5880000;0
17.11.2011;6621000;23.810001;7143000;7395000;6504000;0
18.11.2011;6735000;22.18;6654000;7134000;6654000;0
21.11.2011;7362000;22.730001;6819000;7383000;6738000;0
22.11.2011;6891000;21.780001;6534000;7026000;6498000;0
23.11.2011;6846000;23.740002;7122000;7152000;6753000;0
25.11.2011;7170000;24.35;7305000;7356000;6894000;0
28.11.2011;6333000;22.030001;6609000;6750000;6222000;0
29.11.2011;6483000;21.1;6330000;6612000;6201000;0
30.11.2011;5478000;17.360001;5208000;5571000;5181000;0
01.12.2011;5250000;16.57;4971000;5274000;4902000;0
02.12.2011;4683000;16.469999;4941000;4965000;4521000;0
05.12.2011;4536000;16.42;4926000;5031000;4524000;0
06.12.2011;4926000;16.27;4881000;4989000;4755000;0
07.12.2011;5025000;17.300001;5190000;5415000;5022000;0
08.12.2011;5478000;18.9;5670000;5748000;5400000;0
09.12.2011;5514000;16.280001;4884000;5526000;4863000;0
12.12.2011;5061000;16.32;4896000;5250000;4896000;0
13.12.2011;4701000;16.190001;4857000;5049000;4494000;0
14.12.2011;4842000;16.25;4875000;5082000;4719000;0
15.12.2011;4536000;15.040001;4512000;4635000;4395000;0
16.12.2011;4215000;14.87;4461000;4572000;4215000;0
19.12.2011;4365000;14.540001;4362000;4440000;4185000;0
20.12.2011;3981000;12.76;3828000;3981000;3825000;0
21.12.2011;3753000;11.080001;3324000;3864000;3312000;0
22.12.2011;3177000;11.070001;3321000;3390000;3051000;0
23.12.2011;3228000;11.6;3480000;3546000;3219000;0
27.12.2011;3450000;11.47;3441000;3474000;3348000;0
28.12.2011;3399000;12.38;3714000;3735000;3399000;0
29.12.2011;3666000;11.79;3537000;3672000;3525000;0
30.12.2011;3537000;12.16;3648000;3651000;3510000;0
03.01.2012;3312000;10.88;3264000;3351000;3225000;0
04.01.2012;3357000;10.46;3138000;3411000;3129000;0
05.01.2012;3222000;9.98;2994000;3285000;2985000;0
06.01.2012;2943000;9.66;2898000;3060000;2838000;0
09.01.2012;2844000;9.370001;2811000;2892000;2781000;0
10.01.2012;2640000;8.98;2694000;2724000;2589000;0
11.01.2012;2739000;9.240001;2772000;2796000;2724000;0
12.01.2012;2751000;9;2700000;2952000;2694000;0
13.01.2012;2832000;9.48;2844000;3006000;2820000;0
17.01.2012;2661000;9.34;2802000;2832000;2574000;0
18.01.2012;2766000;8.68;2604000;2829000;2592000;0
19.01.2012;2529000;8.190001;2457000;2583000;2448000;0
20.01.2012;2481000;7.71;2313000;2502000;2298000;0
23.01.2012;2301000;7.3;2190000;2328000;2160000;0
24.01.2012;2298000;7.35;2205000;2316000;2184000;0
25.01.2012;2205000;6.74;2022000;2262000;2007000;0
26.01.2012;1935000;6.74;2022000;2082000;1923000;0
27.01.2012;2079000;6.46;1938000;2091000;1917000;0
30.01.2012;2079000;6.84;2052000;2106000;1998000;0
31.01.2012;1959000;6.83;2049000;2091000;1944000;0
01.02.2012;1965000;6.470001;1941000;1995000;1884000;0
02.02.2012;1869000;6.08;1824000;1890000;1821000;0
03.02.2012;1671000;5.44;1632000;1704000;1632000;0
06.02.2012;1656000;5.31;1593000;1665000;1590000;0
07.02.2012;1602000;5.39;1617000;1662000;1587000;0
08.02.2012;1617000;5.64;1692000;1713000;1602000;0
09.02.2012;1710000;6.2;1860000;1863000;1683000;0
10.02.2012;2058000;7.26;2178000;2406000;2019000;0
13.02.2012;1944000;6.16;1848000;2001000;1845000;0
14.02.2012;1905000;6.53;1959000;2187000;1899000;0
15.02.2012;1992000;7.27;2181000;2211000;1989000;0
16.02.2012;2274000;6.68;2004000;2355000;1989000;0
17.02.2012;1938000;6.6;1980000;2046000;1902000;0
21.02.2012;1905000;6.48;1944000;2004000;1890000;0
22.02.2012;1971000;6.13;1839000;1986000;1830000;0
23.02.2012;1842000;5.36;1608000;1875000;1581000;0
24.02.2012;1563000;5.73;1719000;1734000;1539000;0
27.02.2012;1836000;5.82;1746000;1851000;1641000;0
28.02.2012;1785000;5.69;1707000;1797000;1695000;0
29.02.2012;1650000;5.49;1647000;1728000;1587000;0
01.03.2012;1629000;5.29;1587000;1644000;1563000;0
02.03.2012;1581000;5.37;1611000;1635000;1554000;0
05.03.2012;1626000;5.32;1596000;1662000;1581000;0
06.03.2012;1797000;6.13;1839000;1869000;1731000;0
07.03.2012;1791000;5.54;1662000;1815000;1653000;0
08.03.2012;1569500;30.51;1525500;1584500;1505000;0
09.03.2012;1481000;29.289999;1464500;1487000;1402500;0
12.03.2012;1424000;26.59;1329500;1430000;1319500;0
13.03.2012;1252500;24.17;1208500;1271500;1187000;0
14.03.2012;1189000;25.690001;1284500;1348000;1184500;0
15.03.2012;1315000;24.860001;1243000;1333500;1243000;0
16.03.2012;1230000;24.77;1238500;1271500;1219500;0
19.03.2012;1225000;21.85;1092500;1232500;1072500;100
20.03.2012;1136500;19.740002;987000;1154500;986000;100
21.03.2012;945500;17.800001;890000;975000;867000;100
22.03.2012;962500;18.17;908500;997000;889000;100
23.03.2012;898000;15.660001;783000;928000;777000;100
26.03.2012;721500;12.75;637500;725000;630000;0
27.03.2012;657000;15.280001;764000;767000;652000;0
28.03.2012;761000;15.460001;773000;910000;737500;100
29.03.2012;869500;15.38;769000;869500;751000;100
30.03.2012;704000;14.56;728000;764000;700000;0
02.04.2012;734500;14.52;726000;742000;675000;0
03.04.2012;719000;15.02;751000;793500;707000;100
04.04.2012;825500;15.7;785000;862000;770000;100
05.04.2012;823000;16.360001;818000;832000;777500;100
09.04.2012;918500;18.440001;922000;925000;854500;100
10.04.2012;930500;21.42;1071000;1075000;905500;100
11.04.2012;964500;20.4;1020000;1033000;941500;0
12.04.2012;993000;16.9;845000;1005000;838500;100
13.04.2012;833500;18.590002;929500;932000;832000;100
16.04.2012;862000;17.9;895000;960500;843000;100
17.04.2012;834000;15.98;799000;841000;776000;100
18.04.2012;816000;16.370001;818500;840500;779000;100
19.04.2012;816000;16.68;834000;882500;780000;200
20.04.2012;799000;15.63;781500;802000;764000;100
23.04.2012;856000;16.6;830000;890000;821500;200
24.04.2012;823500;15.81;790500;833500;790500;100
25.04.2012;728000;13.92;696000;734500;693000;100
26.04.2012;698000;12.93;646500;704000;634000;100
27.04.2012;640000;12.840001;642000;669000;631000;100
30.04.2012;659000;13.440001;672000;678500;650000;100
01.05.2012;666500;12.570001;628500;671000;612500;100
02.05.2012;657500;12.780001;639000;670000;627500;100
03.05.2012;631000;13.330001;666500;683500;621000;100
04.05.2012;680000;14.57;728500;747000;677500;200
07.05.2012;761500;14.07;703500;766000;686500;100
08.05.2012;731000;14.340001;717000;806000;708500;300
09.05.2012;786500;15.45;772500;816500;725500;300
10.05.2012;725500;14.42;721000;745500;703000;100
11.05.2012;758000;14.830001;741500;760000;695500;200
14.05.2012;806000;16.560001;828000;831000;784000;200
15.05.2012;831500;18.190001;909500;916500;799500;200
16.05.2012;880500;19.42;971000;980500;852000;200
17.05.2012;959500;21.32;1066000;1066000;935000;300
18.05.2012;1046500;24.08;1204000;1243500;1034000;300
21.05.2012;1186000;18.560001;928000;1221500;925500;200
22.05.2012;902000;19.860001;993000;1055000;825000;200
23.05.2012;1048000;19.210001;960500;1109500;940500;300
24.05.2012;947000;19.5;975000;1050500;935500;200
25.05.2012;972500;19.1;955000;986500;945000;200
29.05.2012;899000;17.25;862500;934500;858500;200
30.05.2012;907000;19.57;978500;978500;907000;100
31.05.2012;990000;20.02;1001000;1094500;933500;300
01.06.2012;1152500;23.469999;1173500;1181000;1094000;300
04.06.2012;1125000;21.6;1080000;1204500;1073000;200
05.06.2012;1101000;20.620001;1031000;1104000;1013500;100
06.06.2012;966000;17.65;882500;982500;880000;100
07.06.2012;801000;17.18;859000;873000;792000;200
08.06.2012;872000;15.410001;770500;880000;766500;200
11.06.2012;711500;17.85;892500;898500;703500;200
12.06.2012;877000;17.210001;860500;940500;848000;300
13.06.2012;902500;18.92;946000;975000;853000;300
14.06.2012;933500;16.630001;831500;962500;827500;300
15.06.2012;813500;15.18;759000;837000;740000;200
18.06.2012;748000;12.64;632000;762500;631000;300
19.06.2012;586000;12.09;604500;623000;580000;300
20.06.2012;604500;11.05;552500;650000;552500;500
21.06.2012;555000;13.45;672500;673500;541000;400
22.06.2012;623500;10.690001;534500;647000;526500;400
25.06.2012;617000;12.6;630000;645000;609000;300
26.06.2012;595500;11.870001;593500;644500;579000;300
27.06.2012;577000;12.080001;604000;605500;560000;300
28.06.2012;616500;11.36;568000;639000;565000;400
29.06.2012;502000;9.84;492000;517500;488000;300
02.07.2012;472500;8.55;427500;482000;426000;300
03.07.2012;421500;8.16;408000;422000;395000;100
05.07.2012;413000;8.740001;437000;446500;413000;300
06.07.2012;461000;8.580001;429000;463000;425500;300
09.07.2012;422500;8.38;419000;442500;411000;200
10.07.2012;407500;8.86;443000;459000;395000;400
11.07.2012;441000;8.26;413000;455500;406000;400
12.07.2012;435000;8.420001;421000;453500;402000;400
13.07.2012;409500;7.52;376000;410500;375000;300
16.07.2012;372500;7.3;365000;380500;356500;200
17.07.2012;352500;6.74;337000;373000;333000;400
18.07.2012;341500;6.89;344500;349500;326500;300
19.07.2012;340000;6.570001;328500;355500;328500;300
20.07.2012;348500;7.25;362500;369500;339500;300
23.07.2012;421500;8.190001;409500;446000;397000;500
24.07.2012;411000;8.86;443000;470500;408500;500
25.07.2012;439500;8.64;432000;472000;417500;500
26.07.2012;379500;7.33;366500;397000;365500;300
27.07.2012;335000;6.9;345000;355000;333000;300
30.07.2012;340500;7.2;360000;361000;331500;300
31.07.2012;374000;7.56;378000;381500;359000;300
01.08.2012;365000;7.27;363500;381000;354000;500
02.08.2012;381500;6.94;347000;389500;347000;500
03.08.2012;321500;6.02;301000;325000;300500;300
06.08.2012;291000;5.72;286000;294000;278500;200
07.08.2012;276500;6.02;301000;301500;273000;200
08.08.2012;298500;5.51;275500;303500;275000;300
09.08.2012;280000;5.460001;273000;285000;267000;200
10.08.2012;279000;5.27;263500;282500;263000;200
13.08.2012;266000;4.99;249500;267000;249000;200
14.08.2012;253000;5.54;277000;278000;250000;300
15.08.2012;278000;5.55;277500;281000;264000;200
16.08.2012;276000;5.33;266500;285000;266000;200
17.08.2012;261000;5.03;251500;268500;247500;300
20.08.2012;256000;5.05;252500;264500;251000;200
21.08.2012;245500;5.29;264500;270000;243500;400
22.08.2012;274000;5.38;269000;280000;263000;400
23.08.2012;272000;5.61;280500;287500;270500;400
24.08.2012;287000;5.15;257500;288500;253500;300
27.08.2012;253500;5.24;262000;263000;249000;200
28.08.2012;269000;5.42;271000;272500;261500;300
29.08.2012;269500;5.47;273500;274000;259000;200
30.08.2012;285500;5.7;285000;290500;277500;300
31.08.2012;275000;5.3;265000;288000;262500;400
04.09.2012;268500;5.23;261500;277000;260500;200
05.09.2012;259500;4.95;247500;262000;245000;300
06.09.2012;236500;3.92;196000;237500;196000;0
07.09.2012;188500;34.720001;173600;189950;173050;700
10.09.2012;179700;38.630001;193150;194450;168250;1000
11.09.2012;191750;38.060001;190300;196700;181350;1400
12.09.2012;182300;35.900002;179500;192400;177100;1400
13.09.2012;179800;30.700001;153500;185950;151150;1600
14.09.2012;147800;32.680004;163400;166000;142550;1500
17.09.2012;169650;32.170002;160850;169750;160500;1100
18.09.2012;162850;30.51;152550;166050;151300;1100
19.09.2012;147150;30.34;151700;153650;145950;1400
20.09.2012;154350;29.75;148750;159400;148500;1400
21.09.2012;148950;29.26;146300;151600;142500;1200
24.09.2012;149950;28.450001;142250;151400;140100;1200
25.09.2012;139250;32.889999;164450;165000;139200;1700
26.09.2012;170600;35.370003;176850;184350;166050;2100
27.09.2012;166050;29.15;145750;171500;145150;1400
28.09.2012;152700;30.920002;154600;157400;145500;1100
01.10.2012;147150;31.550001;157750;159800;139250;1300
02.10.2012;153500;30.220001;151100;162400;150400;1100
03.10.2012;151900;30.01;150050;158950;146500;1200
04.10.2012;147750;28.639999;143200;149850;143000;1000
05.10.2012;134300;27.780003;138900;142650;131000;1500
08.10.2012;143050;28.460001;142300;145200;139500;700
09.10.2012;142750;30.820002;154100;155800;141300;1500
10.10.2012;151250;30.15;150750;158000;148900;1300
11.10.2012;146350;29.380003;146900;148950;142650;1200
12.10.2012;142150;29.789999;148950;151250;139300;1400
15.10.2012;146800;27.789999;138950;153050;138000;1200
16.10.2012;134000;26.49;132450;136350;131100;1300
17.10.2012;132400;25.800001;129000;135000;127500;1100
18.10.2012;130550;25.630003;128150;132200;125200;1700
19.10.2012;130600;28.960001;144800;147550;130300;2000
22.10.2012;143900;28.24;141200;152650;140800;1600
23.10.2012;156800;32.650002;163250;167100;155000;1700
24.10.2012;157900;32.950001;164750;167100;156850;1400
25.10.2012;153300;31.1;155500;163950;151650;1600
26.10.2012;155700;30.930002;154650;163350;150250;1300
31.10.2012;148700;32.070004;160350;164100;148100;900
01.11.2012;157500;26.9;134500;158250;134500;1500
02.11.2012;130600;28.180002;140900;142200;129700;1800
05.11.2012;144550;29.170002;145850;153400;142800;1300
06.11.2012;143500;27;135000;146550;132000;1500
07.11.2012;142000;31.34;156700;160500;140050;2400
08.11.2012;156000;31.720001;158600;160500;148500;1700
09.11.2012;161800;31.700001;158500;162450;148600;1400
12.11.2012;154350;27.6;138000;154650;137050;1600
13.11.2012;144250;27.660002;138300;146000;131250;1900
14.11.2012;130700;29.410002;147050;151900;129700;2200
15.11.2012;147100;30.050001;150250;159650;141850;2100
16.11.2012;146750;27.370001;136850;157400;136100;2100
19.11.2012;126700;22.640001;113200;127250;112950;2000
20.11.2012;110150;21.75;108750;113900;108300;1600
21.11.2012;108050;22.050001;110250;112250;104600;1000
23.11.2012;105200;20.200001;101000;107050;100900;700
26.11.2012;104550;19.780001;98900;105850;98850;1400
27.11.2012;97800;20.560001;102800;103650;96100;2000
28.11.2012;106750;19.469999;97350;111000;96650;2500
29.11.2012;94350;18.910002;94550;99000;93500;1900
30.11.2012;92950;19.57;97850;99950;92900;1400
03.12.2012;93050;20.360001;101800;102500;92800;1700
04.12.2012;103300;21.07;105350;108400;100350;1800
05.12.2012;105350;20.410002;102050;110300;100700;1600
06.12.2012;101650;20.800001;104000;105800;100950;1300
07.12.2012;100650;19.380001;96900;105500;96400;1300
10.12.2012;98550;19.880001;99400;101100;97300;800
11.12.2012;96750;18.540001;92700;98200;92700;1700
12.12.2012;92000;19.460001;97300;97750;91000;1700
13.12.2012;96900;20.17;100850;104000;95850;1600
14.12.2012;101850;20.460001;102300;104900;100700;1300
17.12.2012;103000;19.050001;95250;103250;95000;1300
18.12.2012;92150;17.6;88000;93100;86700;1800
19.12.2012;87850;19.630001;98150;98400;87800;2200
20.12.2012;97550;20.57;102850;104100;96200;1600
21.12.2012;119850;23.280001;116400;120550;112950;2600
24.12.2012;113150;22.550001;112750;115900;112050;700
26.12.2012;116750;25.07;125350;125750;116050;1300
27.12.2012;124750;25.030001;125150;141400;122100;3000
28.12.2012;133250;27.539999;137700;139500;126650;2300
31.12.2012;143100;20.9;104500;146000;101250;2700
02.01.2013;83600;16.07;80350;89200;80100;2500
03.01.2013;80500;15.93;79650;82250;77050;2600
04.01.2013;79600;15.3;76500;80350;75850;2300
07.01.2013;78500;15.27;76350;79750;75750;2100
08.01.2013;75550;14.960001;74800;78200;74200;2300
09.01.2013;72350;14.98;74900;76300;72000;1700
10.01.2013;72200;14.27;71350;74400;71100;2000
11.01.2013;71500;14.160001;70800;73250;70650;1600
14.01.2013;70450;13.73;68650;71600;67850;2100
15.01.2013;70200;13.67;68350;70650;67200;1800
16.01.2013;67350;13.12;65600;68050;64200;2100
17.01.2013;63750;13.25;66250;66300;63300;1800
18.01.2013;65000;11.56;57800;65800;57200;3300
22.01.2013;57900;10.870001;54350;60000;53850;2000
23.01.2013;54300;10.29;51450;54700;50900;2500
24.01.2013;52100;10.38;51900;57950;50500;4000
25.01.2013;52300;10.56;52800;54800;51000;3100
28.01.2013;52500;11.150001;55750;56950;52450;2800
29.01.2013;57250;10.45;52250;58100;51500;3600
30.01.2013;54800;11.79;58950;59000;53450;3600
31.01.2013;59650;11.85;59250;60400;56600;2400
01.02.2013;54600;10.64;53200;54650;51750;3100
04.02.2013;56400;12.1;60500;60600;55200;3300
05.02.2013;58100;11.14;55700;58450;53500;2800
06.02.2013;57950;11.02;55100;58300;55050;2600
07.02.2013;53600;10.920001;54600;59050;53400;4000
08.02.2013;53900;10.530001;52650;54050;52050;2700
11.02.2013;52150;10.120001;50600;53100;50300;2300
12.02.2013;50600;9.920001;49600;51300;48850;2600
13.02.2013;49450;10.070001;50350;51900;48400;3100
14.02.2013;50850;9.740001;48700;51450;48200;2700
15.02.2013;47750;9.6;48000;50150;47350;3500
19.02.2013;47250;8.76;43800;47300;43550;3800
20.02.2013;44150;10.31;51550;51750;44000;4700
21.02.2013;51200;10.63;53150;56950;51200;7000
22.02.2013;50750;9.91;49550;52750;49500;3300
25.02.2013;46250;12.650001;63250;64300;45000;8500
26.02.2013;61550;11.990001;59950;69200;57750;10600
27.02.2013;60750;10.31;51550;62000;49550;6400
28.02.2013;51350;10.93;54650;54750;49650;5300
01.03.2013;59650;11.26;56300;62450;54450;8800
04.03.2013;57950;10.06;50300;58500;50200;5200
05.03.2013;47100;9.400001;47000;48100;46500;4200
06.03.2013;45850;9.47;47350;49200;45750;4800
07.03.2013;47050;9.1;45500;47900;45500;3900
08.03.2013;43950;8.86;44300;46900;43750;5400
11.03.2013;44200;8.13;40650;44600;40500;5400
12.03.2013;40700;8.36;41800;44300;40200;6600
13.03.2013;41500;8.26;41300;43250;40750;4800
14.03.2013;40300;7.970001;39850;41250;39500;4100
15.03.2013;40200;7.93;39650;41500;39300;4500
18.03.2013;44800;8.780001;43900;45000;40400;7400
19.03.2013;41950;8.780001;43900;48500;41550;11600
20.03.2013;40850;7.86;39300;41700;39000;7100
21.03.2013;41300;8.29;41450;42500;39350;7100
22.03.2013;40000;8.240001;41200;42500;39700;5600
25.03.2013;39050;8.02;40100;42500;38000;9600
26.03.2013;38800;7.58;37900;39750;37600;6300
27.03.2013;39850;7.74;38700;40450;38150;5800
28.03.2013;38450;7.69;38450;39150;38150;4000
01.04.2013;38100;7.73;38650;39500;37800;4200
02.04.2013;37550;7.25;36250;37800;36250;5000
03.04.2013;36200;7.75;38750;39550;35750;6800
04.04.2013;38650;7.52;37600;40700;37500;6700
05.04.2013;41750;7.570001;37850;42150;37750;6800
08.04.2013;37150;7.16;35800;38250;35650;4800
09.04.2013;35100;6.95;34750;36250;34050;5200
10.04.2013;34000;6.570001;32850;34250;32750;4900
11.04.2013;32650;6.52;32600;33150;31500;4200
12.04.2013;33450;6.28;31400;34050;31300;4700
15.04.2013;31850;7.75;38750;41050;30900;13100
16.04.2013;34700;6.39;31950;36100;31750;7800
17.04.2013;34450;7.880001;39400;41700;34400;13100
18.04.2013;39200;8.56;42800;44750;39000;10400
19.04.2013;41600;7.33;36650;42150;36000;6600
22.04.2013;37100;7.03;35150;38850;34500;5300
23.04.2013;32900;6.29;31450;38150;31250;7100
24.04.2013;31650;6.38;31900;32300;30800;3900
25.04.2013;31100;6.46;32300;32850;30850;4600
26.04.2013;33150;6.48;32400;33950;32150;4900
29.04.2013;31450;6.41;32050;32500;31000;3900
30.04.2013;32050;6.3;31500;33100;31250;4400
01.05.2013;32000;6.820001;34100;34150;31800;6400
02.05.2013;32900;6.36;31800;33200;31500;5500
03.05.2013;30350;6.08;30400;30950;30100;4700
06.05.2013;30350;5.87;29350;30500;29050;3900
07.05.2013;28550;5.76;28800;29700;28300;3200
08.05.2013;29350;5.83;29150;30350;28850;3400
09.05.2013;29700;6.05;30250;31450;29500;6400
10.05.2013;30700;5.94;29700;31350;29650;4600
13.05.2013;29800;5.86;29300;30350;29200;3400
14.05.2013;29050;5.78;28900;29600;28650;4000
15.05.2013;29450;5.86;29300;29900;28800;4200
16.05.2013;29700;5.97;29850;30450;29050;4400
17.05.2013;29550;5.65;28250;29650;28100;5000
20.05.2013;29000;5.81;29050;29100;28150;3700
21.05.2013;28800;5.9;29500;29950;28550;4400
22.05.2013;29050;6.04;30200;31150;28650;9200
23.05.2013;33050;6.11;30550;33150;30250;9000
24.05.2013;31400;6.11;30550;31750;30350;4200
28.05.2013;28750;5.78;28900;29850;28400;4800
29.05.2013;29900;5.960001;29800;31150;29400;5800
30.05.2013;30000;5.960001;29800;30650;29200;4400
31.05.2013;30400;6.34;31700;31950;29700;6300
03.06.2013;31700;6.33;31650;35100;31550;9400
04.06.2013;32100;6.49;32450;34400;31550;6500
05.06.2013;33650;7.03;35150;35450;33050;7800
06.06.2013;35750;6.880001;34400;39100;34300;8300
07.06.2013;32400;6.25;31250;33400;31100;800
10.06.2013;30415;61.060005;30530;31525;30175;9100
11.06.2013;33030;69.210007;34605;34960;31885;9100
12.06.2013;32990;77.25;38625;39385;32820;11200
13.06.2013;38580;69.770004;34885;39600;34510;10500
14.06.2013;35145;73.490005;36745;37050;33570;9100
17.06.2013;34990;70.490005;35245;36750;34525;8500
18.06.2013;35020;68.580002;34290;35345;34275;6900
19.06.2013;34870;68.480003;34240;35390;31170;13000
20.06.2013;37090;84.400002;42200;44375;36800;17100
21.06.2013;39490;78.129997;39065;43935;38500;13200
24.06.2013;43140;87.470001;43735;44920;41220;11900
25.06.2013;40995;82.220001;41110;43030;40565;8000
26.06.2013;39100;78.68;39340;40945;39005;7700
27.06.2013;37410;72.400002;36200;38060;36100;7900
28.06.2013;37590;71.690002;35845;38190;34635;8900
01.07.2013;34725;66.970001;33485;34870;32275;6700
02.07.2013;34330;69.099998;34550;35545;32750;7800
03.07.2013;35260;67.480003;33740;35585;33340;5000
05.07.2013;32000;60.570004;30285;33075;30285;8400
08.07.2013;28600;55.260006;27630;28875;27250;9000
09.07.2013;26070;52.710003;26355;26820;25810;6300
10.07.2013;26355;51.560005;25780;26610;25555;7500
11.07.2013;24165;48.860001;24430;25025;23965;8000
12.07.2013;24455;49.820004;24910;25255;24200;5700
15.07.2013;24440;47.639999;23820;24850;23505;4300
16.07.2013;23730;50.080002;25040;25605;23645;8300
17.07.2013;24415;46.760002;23380;24890;23305;7300
18.07.2013;22960;45.100002;22550;23175;22025;7500
19.07.2013;22900;43.240002;21620;23470;21365;7600
22.07.2013;21305;41.310001;20655;21750;20520;7100
23.07.2013;20260;40.960003;20480;21175;19945;7700
24.07.2013;20175;41.990002;20995;21410;20125;7700
25.07.2013;21420;39.990002;19995;21500;19850;6900
26.07.2013;20405;39.610001;19805;21095;19695;6500
29.07.2013;20215;40.530003;20265;20700;19845;4700
30.07.2013;20150;39.09;19545;20560;19470;6000
31.07.2013;19460;37.400002;18700;19520;17845;10300
01.08.2013;17700;35.09;17545;17900;17400;8500
02.08.2013;17565;33.330002;16665;17605;16595;8700
05.08.2013;16530;32.450001;16225;16720;16120;6600
06.08.2013;16390;34.400002;17200;17440;16290;9600
07.08.2013;17740;35.100002;17550;18490;17350;10900
08.08.2013;16905;33.930004;16965;17735;16750;7800
09.08.2013;17050;34.950001;17475;17830;16735;10300
12.08.2013;18220;34.570004;17285;18280;17130;8400
13.08.2013;16980;33.950001;16975;17760;16755;9100
14.08.2013;16760;34.600002;17300;17325;16605;8500
15.08.2013;18440;37.990002;18995;19175;18260;15600
16.08.2013;18975;36.730003;18365;19095;17750;13700
19.08.2013;18525;38.700001;19350;19500;18280;8700
20.08.2013;19515;37.700001;18850;19760;17935;10500
21.08.2013;19570;39.110001;19555;20340;18125;18400
22.08.2013;19095;37.240002;18620;19190;18395;10700
23.08.2013;18250;35.760002;17880;18610;17830;7200
26.08.2013;17520;38.010002;19005;19155;17255;11100
27.08.2013;20780;44.200001;22100;22350;20195;18400
28.08.2013;22410;43.850002;21925;22985;21275;14400
29.08.2013;22620;45.850002;22925;22955;21600;12300
30.08.2013;22585;46.950001;23475;24295;22575;17300
03.09.2013;21385;43.380001;21690;22670;21180;14200
04.09.2013;21730;43.120003;21560;22025;21275;8700
05.09.2013;21485;41.299999;20650;21635;20505;6700
06.09.2013;20040;41.820004;20910;22140;19915;17300
09.09.2013;20480;38.700001;19350;20725;19190;10000
10.09.2013;18240;35.900002;17950;18510;17930;10000
11.09.2013;18130;33.650002;16825;18265;16685;10500
12.09.2013;16715;34.700001;17350;17440;16255;10600
13.09.2013;16700;33.66;16830;17475;16550;8000
16.09.2013;16065;33.120003;16560;16770;15985;9200
17.09.2013;16420;32.34;16170;16450;16015;7900
18.09.2013;16305;29.940001;14970;16740;14580;19000
19.09.2013;14550;29.65;14825;15140;14440;9900
20.09.2013;14840;30.639999;15320;15335;14500;14700
23.09.2013;15265;31.460001;15730;16280;15120;14200
24.09.2013;15515;31.080002;15540;15880;15000;11400
25.09.2013;15455;30.85;15425;15860;15100;14400
26.09.2013;14975;29.730001;14865;15345;14790;13600
27.09.2013;15330;32.139999;16070;16345;15250;20100
30.09.2013;17490;34.34;17170;17640;16400;23600
01.10.2013;17235;32.010002;16005;17350;16005;14800
02.10.2013;16670;33.950001;16975;17275;16260;14100
03.10.2013;17250;36.470001;18235;19855;17090;26400
04.10.2013;18650;35.950001;17975;19160;17745;16000
07.10.2013;19415;41.310001;20655;20735;18950;18800
08.10.2013;20650;45.139999;22570;23120;20445;29500
09.10.2013;22505;42.100002;21050;23750;20375;34800
10.10.2013;19435;33.780003;16890;19445;16815;23600
11.10.2013;16940;32.460003;16230;17040;15680;16000
14.10.2013;17485;33.120003;16560;18060;16135;24700
15.10.2013;16910;37.180004;18590;18845;16255;28600
16.10.2013;16895;28.870001;14435;17375;14390;28700
17.10.2013;14730;25.710001;12855;14765;12805;21700
18.10.2013;12360;25.060001;12530;12975;12020;18100
21.10.2013;11965;25.32;12660;12880;11935;17300
22.10.2013;12160;25.540001;12770;12905;12075;15600
23.10.2013;13060;25.800001;12900;13700;12895;19100
24.10.2013;12760;25.050001;12525;12975;12410;13000
25.10.2013;12490;24.940001;12470;12835;12420;9600
28.10.2013;12585;25.160002;12580;12840;12470;10200
29.10.2013;12535;24.85;12425;12795;12370;11700
30.10.2013;12455;25.4;12700;13125;12380;15800
31.10.2013;12685;25.190001;12595;12875;12205;16300
01.11.2013;12410;24.890001;12445;12755;12240;11300
04.11.2013;12260;23.630001;11815;12425;11775;13200
05.11.2013;11950;23.42;11710;12100;11625;19100
06.11.2013;11465;22.719999;11360;11810;11330;15600
07.11.2013;11255;24.35;12175;12285;11235;26700
08.11.2013;11895;22.280001;11140;11940;11130;28400
11.11.2013;11155;22.07;11035;11300;11025;17500
12.11.2013;11100;21.980001;10990;11225;10900;27300
13.11.2013;11325;21.780001;10890;11345;10850;25100
14.11.2013;10875;21.300001;10650;10960;10635;20200
15.11.2013;10540;20.83;10415;10575;10380;17900
18.11.2013;10085;20.810001;10405;10500;9885;23900
19.11.2013;10315;21.27;10635;10900;10190;27200
20.11.2013;10880;20.4;10200;10915;9890;30000
21.11.2013;9975;19.1;9550;10020;9375;20900
22.11.2013;9430;18.490002;9245;9530;9240;13600
25.11.2013;9065;18.630001;9315;9415;9055;12600
26.11.2013;9305;18.83;9415;9475;9180;10300
27.11.2013;9325;18.840002;9420;9495;9310;9400
29.11.2013;9355;19.32;9660;9685;9335;7100
02.12.2013;9585;19.610001;9805;9955;9570;15200
03.12.2013;10205;20.58;10290;10805;10020;26900
04.12.2013;10715;20.190001;10095;11005;10050;28200
05.12.2013;9950;20.42;10210;10425;9915;22100
06.12.2013;9755;18.960001;9480;9825;9385;23000
09.12.2013;9360;18.75;9375;9530;9260;14100
10.12.2013;9470;18.9;9450;9560;9335;15600
11.12.2013;9390;20.630001;10315;10415;9375;26100
12.12.2013;10230;20.870001;10435;10850;10090;26400
13.12.2013;10390;20.950001;10475;10640;10280;16200
16.12.2013;10220;20.969999;10485;10615;10125;18400
17.12.2013;10755;20.780001;10390;11030;10235;24800
18.12.2013;10200;17.790001;8895;10540;8885;32500
19.12.2013;9075;18.200001;9100;9195;8885;11000
20.12.2013;8980;18.480001;9240;9275;8900;16800
23.12.2013;9010;17.130001;8565;9070;8525;14700
24.12.2013;8315;16.450001;8225;8425;8175;7500
26.12.2013;7890;15.88;7940;7960;7830;10200
27.12.2013;7870;16.26;8130;8260;7850;13500
30.12.2013;8235;16.810001;8405;8485;8120;12800
31.12.2013;8195;16.780001;8390;8645;8175;13200
02.01.2014;8640;17.440001;8720;8840;8575;16700
03.01.2014;8575;17.240002;8620;8800;8380;12300
06.01.2014;8325;16.800001;8400;8575;8195;19500
07.01.2014;8220;16.050001;8025;8250;7975;14700
08.01.2014;8105;16.08;8040;8185;7955;14700
09.01.2014;8000;16.15;8075;8175;7950;13800
10.01.2014;7950;15.410001;7705;8150;7665;16000
13.01.2014;7765;16.52;8260;8495;7510;25800
14.01.2014;8055;15.17;7585;8065;7575;21700
15.01.2014;7565;15.32;7660;7835;7530;13600
16.01.2014;7685;15.440001;7720;7905;7635;12500
17.01.2014;7785;15.540001;7770;7860;7565;16700
21.01.2014;7610;15.140001;7570;7855;7550;17400
22.01.2014;7410;14.7;7350;7500;7300;14900
23.01.2014;7530;15.48;7740;8080;7490;26000
24.01.2014;8161.25;72.810005;9101.25;9395;8132.5;56300
27.01.2014;9013.75;74.560005;9320;10587.5;8667.5;69200
28.01.2014;9360;68.440002;8555;9450;8375;36400
29.01.2014;9410;77.190002;9648.75;9982.5;8896.25;34000
30.01.2014;9085;75;9375;9595;8827.5;30300
31.01.2014;11275;87.529999;10941.25;11275;10126.25;47200
03.02.2014;11217.5;99.940002;12492.5;12762.5;10875;53200
04.02.2014;12052.5;95.57;11946.25;12515;11608.75;33300
05.02.2014;12468.75;102.830009;12853.75;13551.25;12238.75;35700
06.02.2014;12587.5;82.330002;10291.25;12600;10291.25;32600
07.02.2014;9750;72.200005;9025;9865;8620;41400
10.02.2014;8961.25;72.120003;9015;9218.75;8688.75;22100
11.02.2014;8756.25;66.700005;8337.5;8898.75;8171.25;31200
12.02.2014;8150;63.950001;7993.75;8461.25;7986.25;34300
13.02.2014;8492.5;63;7875;8492.5;7862.5;30600
14.02.2014;7837.5;61.010006;7626.25;7943.75;7512.5;23200
18.02.2014;7512.5;59.48;7435;7856.25;7415;20800
19.02.2014;7640;67.240005;8405;8543.75;7481.25;47200
20.02.2014;8250;62.73;7841.25;8595;7770;32900
21.02.2014;7642.5;64.080002;8010;8080;7541.25;26500
24.02.2014;7935;63.02;7877.5;7975;7625;26200
25.02.2014;7842.5;62.900002;7862.5;8210;7700;35800
26.02.2014;7842.5;64.529999;8066.25;8312.5;7751.25;34100
27.02.2014;8322.5;64.270004;8033.75;8416.25;7960;28900
28.02.2014;8055;66.099998;8262.5;8612.5;7752.5;44900
03.03.2014;9287.5;73.520004;9190;9617.5;8815;59900
04.03.2014;8170;63.920002;7990;8260;7937.5;36400
05.03.2014;7981.25;63.75;7968.75;8213.75;7856.25;24100
06.03.2014;7901.25;62.970001;7871.25;8103.75;7807.5;29000
07.03.2014;7751.25;65.610008;8201.25;8372.5;7750;47400
10.03.2014;8332.5;65.040001;8130;8675;8092.5;34200
11.03.2014;8118.75;66.879997;8360;8468.75;7906.25;35300
12.03.2014;8715;66.790001;8348.75;8837.5;8276.25;32300
13.03.2014;8131.25;72.200005;9025;9282.5;8100;60700
14.03.2014;9401.25;76.200005;9525;9851.25;9045;61400
17.03.2014;9000;69.099998;8637.5;9020;8542.5;31900
18.03.2014;8250;63.75;7968.75;8350;7953.75;33400
19.03.2014;8012.5;66.090004;8261.25;8826.25;7825;56700
20.03.2014;8375;65.440002;8180;8500;8083.75;28300
21.03.2014;7962.5;66.210007;8276.25;8358.75;7906.25;38900
24.03.2014;8212.5;66.580002;8322.5;8731.25;8130;46100
25.03.2014;8123.75;64.800003;8100;8397.5;8053.75;39700
26.03.2014;7945;67.020004;8377.5;8387.5;7926.25;45500
27.03.2014;8346.25;65.400002;8175;8558.75;8163.75;41300
28.03.2014;8075;63.840004;7980;8222.5;7916.25;37700
31.03.2014;7845;59.910004;7488.75;7855;7477.5;36500
01.04.2014;7463.75;55.98;6997.5;7463.75;6978.75;32600
02.04.2014;7015;56.720001;7090;7227.5;6978.75;23600
03.04.2014;7101.25;56.490002;7061.25;7271.25;7046.25;27300
04.04.2014;6825;58.920002;7365;7536.25;6817.5;55200
07.04.2014;7513.75;61.620003;7702.5;7901.25;7402.5;51500
08.04.2014;7625;59.240002;7405;7893.75;7396.25;32900
09.04.2014;7236.25;56.220001;7027.5;7428.75;7017.5;33500
10.04.2014;7062.5;63.049999;7881.25;7937.5;7033.75;59000
11.04.2014;8088.75;67;8375;8592.5;7851.25;66800
14.04.2014;8068.75;65.990005;8248.75;8787.5;8010;40600
15.04.2014;8140;64.470001;8058.75;8965;7942.5;65700
16.04.2014;7760;59.850002;7481.25;7987.5;7458.75;36700
17.04.2014;7520;58.160004;7270;7612.5;7226.25;31000
21.04.2014;7251.25;55.910004;6988.75;7268.75;6965;24700
22.04.2014;7037.5;55.600002;6950;7090;6865;23900
23.04.2014;7025;56.140003;7017.5;7116.25;6956.25;20500
24.04.2014;6943.75;57.410004;7176.25;7273.75;6920;34700
25.04.2014;7280;58.360004;7295;7565;7250;44000
28.04.2014;7192.5;55.760006;6970;7456.25;6961.25;42500
29.04.2014;6911.25;53.840004;6730;6976.25;6720;28900
30.04.2014;6787.5;53.900002;6737.5;6871.25;6650;28100
01.05.2014;6785;53.920002;6740;6832.5;6626.25;21600
02.05.2014;6640;53.460003;6682.5;6822.5;6575;28900
05.05.2014;6865;52.150002;6518.75;6950;6515;28300
06.05.2014;6575;52.799999;6600;6661.25;6431.25;30100
07.05.2014;6562.5;50.790001;6348.75;6780;6337.5;38200
08.05.2014;6346.25;51.040001;6380;6457.5;6092.5;36300
09.05.2014;6335;48.780003;6097.5;6500;6097.5;25500
12.05.2014;5950;45.850002;5731.25;5987.5;5702.5;31800
13.05.2014;5705;46.09;5761.25;5787.5;5647.5;23500
14.05.2014;5811.25;45.670002;5708.75;5856.25;5596.25;31100
15.05.2014;5777.5;46.510002;5813.75;6092.5;5731.25;51700
16.05.2014;5728.75;44.5;5562.5;5867.5;5546.25;35300
19.05.2014;5615;43.330002;5416.25;5625;5402.5;20900
20.05.2014;5387.5;42.480003;5310;5541.25;5260;40500
21.05.2014;5225;41.189999;5148.75;5256.25;5107.5;31500
22.05.2014;5162.5;41.100002;5137.5;5215;5065;21200
23.05.2014;5141.25;40.59;5073.75;5155;5040;15800
27.05.2014;4885;38.049999;4756.25;4926.25;4750;30700
28.05.2014;4767.5;37.799999;4725;4872.5;4695;30300
29.05.2014;4687.5;37.570004;4696.25;4762.5;4638.75;38200
30.05.2014;4690;37.350002;4668.75;4742.5;4668.75;24400
02.06.2014;4681.25;36.980003;4622.5;4773.75;4608.75;25000
03.06.2014;4676.25;37.230003;4653.75;4726.25;4615;22100
04.06.2014;4700;36.549999;4568.75;4730;4503.75;31800
05.06.2014;4440;33.799999;4225;4527.5;4200;56800
06.06.2014;4028.75;30.430002;3803.75;4036.25;3798.75;60500
09.06.2014;3773.75;31.160002;3895;3918.75;3693.75;36400
10.06.2014;3940;30.120001;3765;3985;3755;38000
11.06.2014;3900;31.420002;3927.5;4045;3841.25;48700
12.06.2014;3976.25;34.59;4323.75;4450;3950;93700
13.06.2014;4242.5;33.299999;4162.5;4387.5;4075;51000
16.06.2014;4191.25;33.170002;4146.25;4291.25;4053.75;47600
17.06.2014;4120;30.950001;3868.75;4162.5;3845;50200
18.06.2014;3830;27.620001;3452.5;3848.75;3440;61900
19.06.2014;3398.75;27.85;3481.25;3537.5;3347.5;46900
20.06.2014;3457.5;28.630003;3578.75;3578.75;3402.5;44400
23.06.2014;3536.25;27.180002;3397.5;3611.25;3377.5;57800
24.06.2014;3460;29.160002;3645;3706.25;3368.75;65800
25.06.2014;3763.75;27.020002;3377.5;3778.75;3373.75;62000
26.06.2014;3370;27.639999;3455;3637.5;3365;59500
27.06.2014;3515;27.190001;3398.75;3552.5;3387.5;38600
30.06.2014;3387.5;26.620001;3327.5;3421.25;3257.5;48100
01.07.2014;3268.75;25.310001;3163.75;3298.75;3090;64800
02.07.2014;3141.25;24.75;3093.75;3148.75;3033.75;41200
03.07.2014;2990;24.1;3012.5;3030;2960;30100
07.07.2014;3058.75;25.050001;3131.25;3150;3040;47300
08.07.2014;3171.25;25.910002;3238.75;3375;3171.25;83800
09.07.2014;3142.5;24.890001;3111.25;3193.75;3071.25;48000
10.07.2014;3441.25;26.65;3331.25;3461.25;3231.25;70500
11.07.2014;3312.5;26.01;3251.25;3365;3226.25;42100
14.07.2014;3102.5;24.52;3065;3105;3006.25;38600
15.07.2014;3016.25;25.380001;3172.5;3277.5;2995;56800
16.07.2014;2986.25;24.15;3018.75;3132.5;2961.25;60600
17.07.2014;3096.25;28.789999;3598.75;3740;3012.5;128000
18.07.2014;3333.75;25;3125;3381.25;3075;75900
21.07.2014;3186.25;26.170002;3271.25;3401.25;3167.5;63500
22.07.2014;3112.5;25.060001;3132.5;3186.25;3056.25;48500
23.07.2014;3097.5;25.480001;3185;3220;3085;45100
24.07.2014;3136.25;25.18;3147.5;3245;3126.25;38100
25.07.2014;3250;26.660002;3332.5;3371.25;3241.25;51900
28.07.2014;3300;26.35;3293.75;3483.75;3263.75;57600
29.07.2014;3267.5;26.220001;3277.5;3346.25;3177.5;56600
30.07.2014;3216.25;27.160002;3395;3420;3200;73900
31.07.2014;3616.25;31.700001;3962.5;4053.75;3576.25;111900
01.08.2014;4013.75;34.730003;4341.25;4516.25;3718.75;144500
04.08.2014;4252.5;31.539999;3942.5;4367.5;3743.75;90200
05.08.2014;4100;35.880001;4485;4625;4005;107400
06.08.2014;4662.5;36.200001;4525;4680;4173.75;91400
07.08.2014;4303.75;37.77;4721.25;4888.75;4235;115000
08.08.2014;4732.5;34.740002;4342.5;4856.25;4310;79800
11.08.2014;4166.25;31.920002;3990;4205;3763.75;68500
12.08.2014;3951.25;31.389999;3923.75;4025;3806.25;57300
13.08.2014;3732.5;27.880003;3485;3782.5;3468.75;68600
14.08.2014;3397.5;26.09;3261.25;3915;3255;53100
15.08.2014;3125;26;3250;3608.75;3078.75;155300
18.08.2014;3048.75;24.1;3012.5;3092.5;3006.25;62500
19.08.2014;2936.25;23.620001;2952.5;2990;2915;49600
20.08.2014;3030;24;3000;3112.5;2967.5;72200
21.08.2014;3002.5;24.110001;3013.75;3080;2981.25;55300
22.08.2014;3005;23.9;2987.5;3111.25;2950;71300
25.08.2014;2920;23.42;2927.5;2972.5;2890;49200
26.08.2014;2927.5;23.83;2978.75;2998.75;2915;38800
27.08.2014;2992.5;24.110001;3013.75;3070;2961.25;44800
28.08.2014;3191.25;24.990002;3123.75;3210;3060;57500
29.08.2014;3056.25;24.610001;3076.25;3146.25;3033.75;72700
02.09.2014;3068.75;24.950001;3118.75;3165;3047.5;46400
03.09.2014;3017.5;24.360001;3045;3115;3012.5;56100
04.09.2014;2998.75;24.43;3053.75;3121.25;2920;74300
05.09.2014;3021.25;23.42;2927.5;3118.75;2920;70500
08.09.2014;2945;23.550001;2943.75;3012.5;2918.75;54500
09.09.2014;2975;24.76;3095;3131.25;2971.25;65300
10.09.2014;3110;24.469999;3058.75;3222.5;3025;64300
11.09.2014;3168.75;24.32;3040;3190;3033.75;56400
12.09.2014;3056.25;25.42;3177.5;3273.75;3046.25;83300
15.09.2014;3202.5;26.660002;3332.5;3373.75;3197.5;71300
16.09.2014;3405;24.08;3010;3415;2988.75;93300
17.09.2014;2977.5;23.620001;2952.5;3027.5;2823.75;101700
18.09.2014;2908.75;22.890001;2861.25;2937.5;2858.75;55800
19.09.2014;2802.5;22.960001;2870;2942.5;2777.5;92000
22.09.2014;2930;24.560001;3070;3110;2921.25;113000
23.09.2014;3213.75;26.35;3293.75;3293.75;3096.25;89900
24.09.2014;3250;24.560001;3070;3311.25;3060;71900
25.09.2014;3127.5;28.230001;3528.75;3620;3125;181400
26.09.2014;3470;26.320002;3290;3507.5;3218.75;90100
29.09.2014;3651.25;28.940001;3617.5;3730;3443.75;91900
30.09.2014;3642.5;29.630003;3703.75;3763.75;3500;84700
01.10.2014;3706.25;30.980001;3872.5;4060;3690;100600
02.10.2014;3905;30.330002;3791.25;4130;3646.25;102600
03.10.2014;3537.5;26.639999;3330;3581.25;3246.25;87600
06.10.2014;3173.75;27.480001;3435;3461.25;3106.25;75300
07.10.2014;3591.25;31.289999;3911.25;3922.5;3567.5;105400
08.10.2014;3947.5;26.060001;3257.5;4023.75;3225;120200
09.10.2014;3331.25;30.610001;3826.25;3851.25;3287.5;122000
10.10.2014;3872.5;37.59;4698.75;4706.25;3715;183600
13.10.2014;4522.5;45.27;5658.75;5687.5;4368.75;201200
14.10.2014;5327.5;43.630001;5453.75;5892.5;4740;196400
15.10.2014;6168.75;44.560001;5570;6887.5;5500;187700
16.10.2014;6941.25;45.939999;5742.5;7035;5457.5;162000
17.10.2014;4938.75;41.870003;5233.75;5478.75;4758.75;150400
20.10.2014;5305;35.570004;4446.25;5358.75;4416.25;106000
21.10.2014;4102.5;30.210001;3776.25;4162.5;3727.5;127100
22.10.2014;3701.25;34.799999;4350;4378.75;3613.75;157700
23.10.2014;3827.5;30.950001;3868.75;4000;3638.75;151800
24.10.2014;3858.75;30.220001;3777.5;4290;3725;114600
27.10.2014;3896.25;29.389999;3673.75;4031.25;3633.75;100100
28.10.2014;3562.5;25.540001;3192.5;3573.75;3187.5;123000
29.10.2014;3201.25;26.26;3282.5;3475;3163.75;140200
30.10.2014;3427.5;26.410002;3301.25;3530;3175;114700
31.10.2014;3105;25.1;3137.5;3247.5;3092.5;84300
03.11.2014;3135;25.910002;3238.75;3312.5;3100;82700
04.11.2014;3293.75;25.6;3200;3468.75;3178.75;117200
05.11.2014;3083.75;24.910002;3113.75;3236.25;3076.25;65300
06.11.2014;3075;23.660002;2957.5;3191.25;2930;97900
07.11.2014;2946.25;22.980001;2872.5;3015;2857.5;96800
10.11.2014;2843.75;21.26;2657.5;2856.25;2610;118600
11.11.2014;2620;21.190001;2648.75;2753.75;2595;84300
12.11.2014;2771.25;21.660002;2707.5;2781.25;2655;75500
13.11.2014;2731.25;22.18;2772.5;2930;2660;122700
14.11.2014;2803.75;22.290001;2786.25;2906.25;2770;81100
17.11.2014;2838.75;22.230001;2778.75;2880;2718.75;81700
18.11.2014;2740;21.380001;2672.5;2745;2612.5;76100
19.11.2014;2743.75;22.450001;2806.25;2860;2722.5;82900
20.11.2014;2912.5;22.08;2760;2925;2727.5;55500
21.11.2014;2587.5;21.140001;2642.5;2688.75;2585;72400
24.11.2014;2596.25;20.17;2521.25;2617.5;2521.25;69700
25.11.2014;2507.5;20.02;2502.5;2566.25;2476.25;68900
26.11.2014;2497.5;19.25;2406.25;2506.25;2397.5;71900
28.11.2014;2430;20.290001;2536.25;2551.25;2397.5;50800
01.12.2014;2640;22.02;2752.5;2800;2621.25;110900
02.12.2014;2740;19.560001;2445;2740;2433.75;90700
03.12.2014;2380;18.840002;2355;2413.75;2337.5;57100
04.12.2014;2412.5;18.910002;2363.75;2500;2312.5;99500
05.12.2014;2287.5;18.27;2283.75;2318.75;2202.5;112100
08.12.2014;2307.5;19.590002;2448.75;2505;2233.75;125600
09.12.2014;2708.75;20.02;2502.5;2797.5;2467.5;174500
10.12.2014;2610;24.360001;3045;3052.5;2587.5;166400
11.12.2014;2956.25;27.180002;3397.5;3413.75;2696.25;202000
12.12.2014;3696.25;30.080002;3760;3808.75;3330;233100
15.12.2014;3422.5;28.789999;3598.75;3875;3235;227200
16.12.2014;3760;31.35;3918.75;3937.5;3177.5;198600
17.12.2014;4025;24.860001;3107.5;4035;3078.75;181600
18.12.2014;2811.25;23.390001;2923.75;3093.75;2787.5;141100
19.12.2014;2895;22.950001;2868.75;2983.75;2782.5;87600
22.12.2014;2706.25;20.700001;2587.5;2750;2587.5;103700
23.12.2014;2558.75;20.82;2602.5;2712.5;2556.25;71900
24.12.2014;2545;20.410002;2551.25;2600;2527.5;29400
26.12.2014;2556.25;20.870001;2608.75;2631.25;2518.75;46400
29.12.2014;2627.5;20.620001;2577.5;2657.5;2548.75;66500
30.12.2014;2666.25;21.700001;2712.5;2742.5;2597.5;65700
31.12.2014;2687.5;25.15;3143.75;3243.75;2668.75;114000
02.01.2015;2930;24.33;3041.25;3402.5;2863.75;165300
05.01.2015;3210;27.830002;3478.75;3583.75;3181.25;170200
06.01.2015;3448.75;29.070002;3633.75;3900;3356.25;217200
07.01.2015;3427.5;27.230001;3403.75;3587.5;3308.75;142900
08.01.2015;3147.5;23.880001;2985;3170;2945;120100
09.01.2015;2907.5;25.57;3196.25;3252.5;2905;152600
12.01.2015;3250;27.99;3498.75;3670;3226.25;160700
13.01.2015;3337.5;29.65;3706.25;3893.75;3252.5;220400
14.01.2015;4062.5;30.770002;3846.25;4125;3808.75;189600
15.01.2015;3760;32.600002;4075;4097.5;3648.75;203700
16.01.2015;4087.5;31.220001;3902.5;4251.25;3817.5;162400
20.01.2015;3678.75;30.690001;3836.25;4098.75;3662.5;147200
21.01.2015;3931.25;27.780003;3472.5;4026.25;3462.5;167900
22.01.2015;3272.5;24.219999;3027.5;3532.5;3015;161700
23.01.2015;3108.75;25.370001;3171.25;3202.5;2935;109300
26.01.2015;3118.75;23.120001;2890;3243.75;2887.5;137100
27.01.2015;3168.75;25.08;3135;3228.75;2956.25;198300
28.01.2015;2986.25;29.200001;3650;3713.75;2981.25;270600
29.01.2015;3636.25;27.130003;3391.25;3896.25;3335;199800
30.01.2015;3582.5;32.360001;4045;4088.75;3448.75;282400
02.02.2015;3798.75;29.030003;3628.75;4165;3628.75;259100
03.02.2015;3510;26.320002;3290;3572.5;3266.25;168200
04.02.2015;3373.75;27.780003;3472.5;3503.75;3180;204100
05.02.2015;3385;25.610001;3201.25;3387.5;3161.25;154000
06.02.2015;3126.25;27.800001;3475;3622.5;3085;256900
09.02.2015;3612.5;28.160002;3520;3668.75;3488.75;189500
10.02.2015;3351.25;26.030003;3253.75;3487.5;3210;163400
11.02.2015;3313.75;26.26;3282.5;3403.75;3263.75;142600
12.02.2015;3133.75;23.18;2897.5;3170;2875;183700
13.02.2015;2868.75;22.57;2821.25;2977.5;2793.75;167000
17.02.2015;2875;22.68;2835;2920;2795;120400
18.02.2015;2906.25;22.33;2791.25;2917.5;2766.25;130100
19.02.2015;2847.5;21.370001;2671.25;2858.75;2663.75;113700
20.02.2015;2772.5;19.810001;2476.25;2806.25;2437.5;199800
23.02.2015;2528.75;19.950001;2493.75;2558.75;2471.25;96100
24.02.2015;2475;18.280001;2285;2481.25;2260;167000
25.02.2015;2292.5;18.490002;2311.25;2360;2107.5;206600
26.02.2015;2297.5;18.050001;2256.25;2387.5;2198.75;208400
27.02.2015;2255;17.840002;2230;2296.25;2165;201700
02.03.2015;2211.25;16.68;2085;2228.75;2081.25;176900
03.03.2015;2126.25;17.360001;2170;2282.5;2105;213800
04.03.2015;2237.5;17.32;2165;2331.25;2156.25;188100
05.03.2015;2133.75;16.870001;2108.75;2200;2101.25;196400
06.03.2015;2168.75;18.380001;2297.5;2317.5;2108.75;307200
09.03.2015;2262.5;17.840002;2230;2295;2186.25;158900
10.03.2015;2352.5;18.92;2365;2431.25;2323.75;260200
11.03.2015;2377.5;19.82;2477.5;2518.75;2365;211400
12.03.2015;2391.25;17.5;2187.5;2398.75;2177.5;181600
13.03.2015;2205;18.230001;2278.75;2397.5;2181.25;227100
16.03.2015;2222.5;17.4;2175;2237.5;2131.25;161500
17.03.2015;2235;17.230001;2153.75;2268.75;2138.75;145400
18.03.2015;2177.5;15.7;1962.5;2213.75;1935;237400
19.03.2015;2027.5;15.72;1965;2068.75;1955;138000
20.03.2015;1920;15.260001;1907.5;1947.5;1790;241800
23.03.2015;1876.25;14.7;1837.5;1881.25;1793.75;153200
24.03.2015;1842.5;14.540001;1817.5;1865;1750;197500
25.03.2015;1803.75;15.82;1977.5;1990;1781.25;281300
26.03.2015;2062.5;15.63;1953.75;2103.75;1928.75;304900
27.03.2015;1953.75;15.240001;1905;1966.25;1890;168600
30.03.2015;1816.25;14.31;1788.75;1827.5;1772.5;166300
31.03.2015;1806.25;15.05;1881.25;2390;1795;103400
01.04.2015;1887.5;15;1875;2001.25;1786.25;232500
02.04.2015;1850;14.410001;1801.25;1872.5;1792.5;155200
06.04.2015;1841.25;13.81;1726.25;1855;1695;279200
07.04.2015;1700;13.72;1715;1718.75;1663.75;202100
08.04.2015;1695;13.190001;1648.75;1718.75;1642.5;318600
09.04.2015;1635;12.320001;1540;1672.5;1533.75;320800
10.04.2015;1510;11.22;1402.5;1515;1398.75;253300
13.04.2015;1362.5;11.79;1473.75;1500;1335;367200
14.04.2015;1500;11.55;1443.75;1530;1415;255900
15.04.2015;1405;11.04;1380;1408.75;1348.75;208000
16.04.2015;1391.25;10.580001;1322.5;1400;1297.5;200300
17.04.2015;1408.75;11.29;1411.25;1486.25;1395;366100
20.04.2015;1356.25;10.55;1318.75;1371.25;1301.25;160300
21.04.2015;1287.5;10.55;1318.75;1348.75;1277.5;147000
22.04.2015;1302.5;10.320001;1290;1356.25;1278.75;133000
23.04.2015;1311.25;10.120001;1265;1317.5;1241.25;146100
24.04.2015;1248.75;9.93;1241.25;1270;1233.75;102500
27.04.2015;1216.25;10.52;1315;1330;1210;183300
28.04.2015;1330;9.75;1218.75;1402.5;1218.75;242400
29.04.2015;1281.25;10.26;1282.5;1325;1233.75;236100
30.04.2015;1315;10.820001;1352.5;1406.25;1288.75;252800
01.05.2015;1317.5;9.77;1221.25;1318.75;1221.25;211400
04.05.2015;1203.75;9.81;1226.25;1253.75;1185;150000
05.05.2015;1238.75;10.45;1306.25;1310;1220;262300
06.05.2015;1276.25;10.79;1348.75;1437.5;1263.75;317500
07.05.2015;1365;10.650001;1331.25;1401.25;1306.25;227700
08.05.2015;1228.75;9.52;1190;1246.25;1187.5;231200
11.05.2015;1200;10.05;1256.25;1257.5;1191.25;159000
12.05.2015;1300;9.97;1246.25;1331.25;1231.25;221000
13.05.2015;1226.25;9.650001;1206.25;1251.25;1198.75;185300
14.05.2015;1176.25;9.240001;1155;1187.5;1153.75;186400
15.05.2015;1145;9.070001;1133.75;1180;1132.5;180600
18.05.2015;1133.75;8.47;1058.75;1137.5;1040;194300
19.05.2015;1046.25;8.23;1028.75;1075;1011.25;236800
20.05.2015;1024;41.290001;1032.25;1060.75;1013.5;495600
21.05.2015;1043;38.990002;974.75;1054.25;964.5;457200
22.05.2015;970;39.120003;978;986.5;955.25;347900
26.05.2015;1000.25;42.180004;1054.5;1072.25;991.25;598300
27.05.2015;1035.25;39.09;977.25;1048.25;964.25;428700
28.05.2015;999.5;39.970001;999.25;1027;987.5;477300
29.05.2015;1003.75;40.52;1013;1039.75;984;495200
01.06.2015;988.75;39.700001;992.5;1023.5;971.5;466200
02.06.2015;1016.25;40.990002;1024.75;1037;990;416700
03.06.2015;1006.75;39.560001;989;1021.75;983.25;368000
04.06.2015;1012.75;42.200001;1055;1066.5;1003.75;437400
05.06.2015;1059.5;40.730003;1018.25;1078.25;1013.75;445200
08.06.2015;1028;42.430004;1060.75;1075.5;1022.75;278100
09.06.2015;1068;41.490002;1037.25;1088.75;1027.5;315400
10.06.2015;1006.5;37.880001;947;1010.25;940.5;374000
11.06.2015;926.5;36.25;906.25;934;896.5;353200
12.06.2015;930;37.150002;928.75;964.25;923.75;366100
15.06.2015;975;40.310001;1007.75;1012;967.5;401100
16.06.2015;1027.25;38.799999;970;1037.5;960.75;300200
17.06.2015;960.75;38.610001;965.25;1009;943.5;370700
18.06.2015;938.75;36.370003;909.25;943.75;886.75;420200
19.06.2015;905.5;36.950001;923.75;933;902;317700
22.06.2015;878.5;33.560001;839;891.25;838.75;366700
23.06.2015;831.25;31.810001;795.25;833.25;795.25;406900
24.06.2015;804.75;33;825;828.25;783.25;411500
25.06.2015;812.5;33.490002;837.25;848.5;797.25;375100
26.06.2015;828.5;33.139999;828.5;865;818.5;424400
29.06.2015;932;44.5;1112.5;1131.25;906;1058800
30.06.2015;997;43.960003;1099;1201.5;991.75;1076300
01.07.2015;982.5;37.830002;945.75;1051.5;940.25;670400
02.07.2015;944.25;42.59;1064.75;1100;937.5;751700
06.07.2015;1166.75;44.700001;1117.5;1187;1070.5;770800
07.07.2015;1115.5;40.230003;1005.75;1240;1003.25;886500
08.07.2015;1087.5;48.049999;1201.25;1207.5;1065.75;812400
09.07.2015;1072.75;48.990002;1224.75;1237.5;1064;582800
10.07.2015;1093.75;41.310001;1032.75;1167;1024;656000
13.07.2015;919.5;33.189999;829.75;929.25;820;607700
14.07.2015;831.5;32.510002;812.75;840.25;781.25;422200
15.07.2015;806.5;32.330002;808.25;847.75;785.25;566600
16.07.2015;756.5;28.09;702.25;760.75;700;523900
17.07.2015;693.5;27.520002;688;711;687.5;335500
20.07.2015;689;27.460001;686.5;697.5;657;489000
21.07.2015;680.5;26.910002;672.75;698.75;672;460600
22.07.2015;708.5;26.710001;667.75;709.75;654;434700
23.07.2015;654.5;27.35;683.75;703.5;647;531200
24.07.2015;685.25;29.110001;727.75;747;671.25;656800
27.07.2015;784.75;32.150002;803.75;836.75;765.5;798000
28.07.2015;756.5;27.460001;686.5;797.25;672;745800
29.07.2015;675.75;26.480001;662;684.75;650.5;444400
30.07.2015;666.5;26.15;653.75;694;648;479900
31.07.2015;644.25;26.039999;651;668;632.75;518500
03.08.2015;646.5;25.25;631.25;684;628.75;723900
04.08.2015;639.75;25.450001;636.25;660;625.5;520200
05.08.2015;630.5;25.07;626.75;645.5;608.5;516400
06.08.2015;629.25;26.930002;673.25;697.25;627.5;678800
07.08.2015;670.25;26.410002;660.25;698.5;651.75;731500
10.08.2015;627.25;24.43;610.75;627.25;608.75;414100
11.08.2015;656.5;26.630003;665.75;690.75;639.75;631400
12.08.2015;737.5;26.620001;665.5;762.5;654.25;824400
13.08.2015;651.5;25.930002;648.25;678.5;631.5;526800
14.08.2015;646.25;25.820002;645.5;665;634.5;453100
17.08.2015;658.5;25.27;631.75;671;628.25;376200
18.08.2015;636.25;25.810001;645.25;652.5;624.25;352400
19.08.2015;663.75;26.800001;670;702.25;631.5;795800
20.08.2015;727;31.360001;784;796.25;708;906900
21.08.2015;865;41.91;1047.75;1056.25;817;1523500
24.08.2015;1709.25;57.299999;1432.5;1842.25;1143;1676600
25.08.2015;1080;66.279999;1657;1672.5;1067;1152800
26.08.2015;1385.5;54.560005;1364;1743;1330;1417500
27.08.2015;1249.5;57.160004;1429;1611;1244.75;866000
28.08.2015;1530;63.049999;1576.25;1722;1483;1006300
31.08.2015;1614;67.550003;1688.75;1717;1575.5;725100
01.09.2015;2003.25;87.540001;2188.5;2281.25;1902.5;882900
02.09.2015;1944.75;69.400002;1735;2109.75;1726.5;711300
03.09.2015;1615.5;68.340004;1708.5;1809.25;1475;987300
04.09.2015;1874.5;78.420006;1960.5;2037.5;1789.25;914000
08.09.2015;1725;64.5;1612.5;1773;1597.25;670000
09.09.2015;1437.5;67.279999;1682;1703.5;1431.25;934900
10.09.2015;1779;63.910004;1597.75;1796.5;1595;868100
11.09.2015;1607.25;60.779999;1519.5;1662;1516;555300
14.09.2015;1511.75;60.799999;1520;1590;1509;437400
15.09.2015;1475;48.939999;1223.5;1498.75;1216;721600
16.09.2015;1129;42.980003;1074.5;1206.5;1065.25;675200
17.09.2015;1059.5;42.25;1056.25;1109.25;876;1032400
18.09.2015;1270;52.910004;1322.75;1356.75;1183.25;930900
21.09.2015;1247.75;46.139999;1153.5;1278.5;1147;823900
22.09.2015;1260.75;51;1275;1392.5;1225;1000700
23.09.2015;1277.25;48.75;1218.75;1311;1191;677500
24.09.2015;1335;51.170002;1279.25;1459.5;1262.75;973500
25.09.2015;1178.75;53.960003;1349;1411;1172.75;841800
28.09.2015;1444;61.5;1537.5;1612.5;1417.25;942000
29.09.2015;1501;61.600002;1540;1616;1425.25;875300
30.09.2015;1408.75;55.960003;1399;1487.75;1376.5;619700
01.10.2015;1406.5;54.779999;1369.5;1496.5;1366.25;551900
02.10.2015;1465;49;1225;1493.25;1225;810600
05.10.2015;1174.75;43.530003;1088.25;1181;1072.25;503700
06.10.2015;1078.25;44.470001;1111.75;1144.5;1047.75;603800
07.10.2015;1082.5;42.220001;1055.5;1132.25;1047.75;612800
08.10.2015;1048.75;38.200001;955;1071.5;928;674100
09.10.2015;945;38.110001;952.75;1009.75;926;580000
12.10.2015;948;33.52;838;965.25;818.75;594600
13.10.2015;871;36.689999;917.25;928.5;811.5;805500
14.10.2015;935;38.210003;955.25;1004;898.75;870000
15.10.2015;916.25;32.830002;820.75;933.5;809.25;670300
16.10.2015;789.25;31.920002;798;859.75;787.75;687200
19.10.2015;803.5;27.580002;689.5;808.75;686;860400
20.10.2015;701.75;29.430002;735.75;760;680.75;743900
21.10.2015;718;33.5;837.5;847;700;1013200
22.10.2015;790;27.370001;684.25;791.75;679.5;933700
23.10.2015;648;27.74;693.5;719.5;643.25;904800
26.10.2015;712.5;29.51;737.75;741.25;693.25;631400
27.10.2015;756.75;28.289999;707.25;760;702.75;724400
28.10.2015;704.75;26.680002;667;749.5;663.75;937800
29.10.2015;688.25;27.370001;684.25;710.75;671.5;685100
30.10.2015;689.75;28.210001;705.25;708.75;668.75;631500
02.11.2015;703;25.310001;632.75;707.5;622.5;767900
03.11.2015;650;26.5;662.5;667.5;627.5;557700
04.11.2015;650.5;28.080002;702;715.75;645;920600
05.11.2015;700.75;26.910002;672.75;726.25;667;851200
06.11.2015;674;25.770002;644.25;704.75;642.5;891900
09.11.2015;649.75;28.4;710;733;644.25;1039200
10.11.2015;727.5;26.800001;670;734.5;662.5;720100
11.11.2015;659.75;27.950001;698.75;700;656.75;674900
12.11.2015;737.5;32.980003;824.5;827;719.75;1138200
13.11.2015;832;37.41;935.25;944;818.75;1914200
16.11.2015;931.25;29.920002;748;945;742;1316100
17.11.2015;728;33.080002;827;856.25;721.5;1430300
18.11.2015;797.25;28.920002;723;801.5;720;1022500
19.11.2015;737;30.9;772.5;791.5;730;815300
20.11.2015;725.5;28.889999;722.25;735.75;703.75;875700
23.11.2015;712.5;27.34;683.5;727;675.25;839800
24.11.2015;720.25;27.580002;689.5;736;675;1002100
25.11.2015;685;26.75;668.75;697.25;661.25;612700
27.11.2015;663.75;27.180002;679.5;683.75;661.25;340300
30.11.2015;669.75;26.870001;671.75;687.5;661.75;752400
01.12.2015;654;24.640001;616;666.75;612.5;860400
02.12.2015;616.75;26.460001;661.5;670;595.75;1150400
03.12.2015;638.75;30.200001;755;787.5;631.25;1792500
04.12.2015;712.25;24.77;619.25;725;618.75;1350300
07.12.2015;623;25.980001;649.5;692.5;622.25;1065000
08.12.2015;702.75;27.550001;688.75;720.25;658.75;1363300
09.12.2015;705;29.810001;745.25;787;655;1761100
10.12.2015;753;30.570002;764.25;781.75;710.25;1248900
11.12.2015;845;39.810001;995.25;1027.75;828;2116700
14.12.2015;977.25;33.889999;847.25;1077.25;831.25;1932300
15.12.2015;791.25;31.160002;779;846.5;755.25;1195900
16.12.2015;723;26.930002;673.25;759.75;647.5;1154600
17.12.2015;664.75;29.210001;730.25;747.5;664.25;1162500
18.12.2015;779;33.950001;848.75;863;762;1873500
21.12.2015;782.5;30.76;769;848.5;766;1289500
22.12.2015;715.25;27.65;691.25;736.25;675.5;924100
23.12.2015;656.75;26.300001;657.5;687.25;647;832000
24.12.2015;667.5;27.220001;680.5;685;661;354800
28.12.2015;705;26.570002;664.25;731.5;663.25;916700
29.12.2015;645;25.710001;642.75;656.25;634.25;748800
30.12.2015;657.75;27.180002;679.5;684.75;653.75;746000
31.12.2015;696.75;28.35;708.75;712.5;672.25;1078900
04.01.2016;823.25;31.960001;799;870.75;793.75;1727700
05.01.2016;766.25;30.130003;753.25;814.75;738.25;1273800
06.01.2016;852.25;31.930002;798.25;852.75;793.25;1448500
07.01.2016;905.75;38.84;971;996.5;863.5;1884800
08.01.2016;896;42.820004;1070.5;1099.25;875.75;1932200
11.01.2016;1043;39.900002;997.5;1236;978;2152300
12.01.2016;915.25;36.170002;904.25;1033.5;898;1657800
13.01.2016;868;43.460003;1086.5;1122.5;863.5;1846200
14.01.2016;1064.75;40.060001;1001.5;1167.75;950;1610500
15.01.2016;1230;48.150002;1203.75;1284.75;1145;1438000
19.01.2016;1116.25;48.360001;1209;1320;1113.5;1615300
20.01.2016;1284.75;50.639999;1266;1475;1213.75;1850300
21.01.2016;1241.25;50.34;1258.5;1367.25;1172;1545000
22.01.2016;1141.25;41.860001;1046.5;1167;1043.75;826500
25.01.2016;1073.5;45.939999;1148.5;1158.5;1039.25;808200
26.01.2016;1116.5;41.570004;1039.25;1145.75;1036;919500
27.01.2016;1065;45.02;1125.5;1155.5;995;1339700
28.01.2016;1050.5;42.010002;1050.25;1148.75;1032.75;1147200
29.01.2016;1033.75;38.470001;961.75;1045.5;955.75;1077800
01.02.2016;971.5;37.540001;938.5;1003.25;915.75;1030000
02.02.2016;997.75;42.430004;1060.75;1078.75;994.25;1135000
03.02.2016;1027.5;41.560001;1039;1183.25;1026;1551700
04.02.2016;1062.75;42.299999;1057.5;1088.25;1008.5;1112100
05.02.2016;1054;45.600002;1140;1177.5;1051.5;1255800
08.02.2016;1227;50.060001;1251.5;1346.75;1204.5;1211500
09.02.2016;1350.75;50.850002;1271.25;1361.5;1222.5;1344500
10.02.2016;1224.25;51.779999;1294.5;1297.25;1179.75;1125000
11.02.2016;1468.25;58.040005;1451;1548;1389.25;1611300
12.02.2016;1366.5;53.260006;1331.5;1432.75;1324;1187000
16.02.2016;1243;48.360001;1209;1284.25;1199.5;1082900
17.02.2016;1149.5;44.600002;1115;1174.5;1101;597300
18.02.2016;1098.5;44.27;1106.75;1144.5;1073;1018200
19.02.2016;1145.75;41.950001;1048.75;1165.25;1046;1090400
22.02.2016;989;37.230003;930.75;996.25;927.75;792700
23.02.2016;955.5;40.950001;1023.75;1032.5;941.25;775300
24.02.2016;1109.25;40.400002;1010;1145;1000;1458900
25.02.2016;993.5;37.620003;940.5;1033.5;938.75;987600
26.02.2016;909.75;38.610001;965.25;983.75;900;1164500
29.02.2016;956.5;39.740002;993.5;998.75;905;914700
01.03.2016;948.5;32.950001;823.75;968.75;822.5;913400
02.03.2016;826.75;31.690001;792.25;851.5;790.5;642600
03.03.2016;800.75;29.580002;739.5;812.75;725.25;1019300
04.03.2016;715.5;30.25;756.25;773;707.75;1003400
07.03.2016;786.75;30.380003;759.5;793.75;725;992800
08.03.2016;790;32.670002;816.75;821;769;1012700
09.03.2016;798.5;31.84;796;829.5;786.75;808000
10.03.2016;769.5;30.660002;766.5;840;720.25;1336000
11.03.2016;728.75;27.620001;690.5;737;688.75;1008300
14.03.2016;698.25;26.700001;667.5;709.5;659.5;718300
15.03.2016;707.5;27.389999;684.75;712.5;683.5;678500
16.03.2016;703.5;25.43;635.75;705.75;624.5;1231500
17.03.2016;635.25;23.890001;597.25;643.5;582.75;1295600
18.03.2016;581.25;23.5;587.5;611.75;566.25;1146500
21.03.2016;588;22.15;553.75;591.75;550.75;1066200
22.03.2016;568.5;21.560001;539;571.75;531.25;1128800
23.03.2016;550;23.58;589.5;595.75;548.75;1247500
24.03.2016;630;23.33;583.25;640;581.75;1321200
28.03.2016;570.75;22.730001;568.25;590.75;549.25;902400
29.03.2016;569.75;20.110001;502.75;579.5;501.25;1255400
30.03.2016;483.75;19.110001;477.75;501;462.5;1007300
31.03.2016;485.5;19.33;483.25;498;464.75;1136400
01.04.2016;514.5;18.219999;455.5;520.75;452.75;1402800
04.04.2016;453.75;19.17;479.25;483;449.25;1138300
05.04.2016;516.25;21.370001;534.25;539.5;503.25;1495300
06.04.2016;530.5;18.68;467;538.5;464.5;1202600
07.04.2016;492;22.07;551.75;573.25;480.75;1302200
08.04.2016;511.75;20.92;523;545.25;493.75;1441500
11.04.2016;505.75;21.57;539.25;539.75;493;1218800
12.04.2016;538;20.08;502;563.25;491.75;1954100
13.04.2016;478;18.060001;451.5;482;450.5;1562500
14.04.2016;449;17.93;448.25;465;437.5;1274300
15.04.2016;445;17.440001;436;455.75;435.25;1356400
18.04.2016;446.5;15.23;380.75;447.25;379;1687200
19.04.2016;379;15.590001;389.75;406.75;367.5;1543400
20.04.2016;379;15.760001;394;398.5;372.5;1797800
21.04.2016;402.25;16.35;408.75;421;395.75;1823100
22.04.2016;413;15.510001;387.75;419.5;384.75;1569500
25.04.2016;399.75;15.890001;397.25;415;393.75;1587200
26.04.2016;387.75;15.240001;381;393;375;1202500
27.04.2016;391.25;14.280001;357;394.75;350.25;1652400
28.04.2016;371.5;15.97;399.25;404.75;344.75;1959400
29.04.2016;410;17.02;425.5;462.5;400.25;2725600
02.05.2016;409.5;15.05;376.25;418.5;367.25;1616700
03.05.2016;397.5;16.360001;409;424.75;394.75;1605100
04.05.2016;429.25;16.790001;419.75;438.25;413.5;1887700
05.05.2016;403;16.76;419;432.25;400;1733600
06.05.2016;422;15.27;381.75;423;379;1782100
09.05.2016;373.25;14.540001;363.5;376.25;348.25;1493300
10.05.2016;345.5;13.13;328.25;347;327;1448700
11.05.2016;330;13.98;349.5;355.5;320;1346000
12.05.2016;341.75;13.63;340.75;370.5;329.75;2017000
13.05.2016;341;14.63;365.75;371.25;327.75;2034700
16.05.2016;360.5;13.3;332.5;361;323.75;1516300
17.05.2016;337.75;14.490001;362.25;372;333.75;1699500
18.05.2016;363.25;14.38;359.5;375.5;336.5;2939600
19.05.2016;371.75;14.52;363;400;360.75;2916700
20.05.2016;348;13.5;337.5;350;335.5;1736800
23.05.2016;336.5;13.360001;334;341.75;325.25;1344300
24.05.2016;324;12.2;305;324.5;298;1806200
25.05.2016;295;11.740001;293.5;300.75;282;1403200
26.05.2016;292.5;11.490001;287.25;294.75;284.75;1305100
27.05.2016;282.5;10.85;271.25;285;271;1248100
31.05.2016;263.75;10.85;271.25;286.5;261.25;1728500
01.06.2016;280;10.670001;266.75;285.5;263;1742700
02.06.2016;272.25;10.1;252.5;278.5;251.75;1523600
03.06.2016;261.5;9.990001;249.75;275.5;246.5;2226000
06.06.2016;247;9.740001;243.5;256;241.25;1773500
07.06.2016;239;9.79;244.75;244.75;233.75;1434700
08.06.2016;243.5;9.85;246.25;252.25;239.5;1434700
09.06.2016;256.5;10.23;255.75;262.5;250.5;1545300
10.06.2016;280;12.09;302.25;305.25;276;2379100
13.06.2016;330;15.7;392.5;394;314.5;3646400
14.06.2016;408;15.010001;375.25;418.75;363.25;4825400
15.06.2016;367.75;14.73;368.25;375;336;2426900
16.06.2016;401.25;13.940001;348.5;428;340.75;2857800
17.06.2016;348;13.92;348;361.25;335.5;2223500
20.06.2016;302.25;11.95;298.75;303.5;280.25;2169100
21.06.2016;287.75;12.070001;301.75;313.25;286.75;2174700
22.06.2016;302;12.92;323;331;285.25;2711000
23.06.2016;287.25;10.400001;260;296.5;256.5;2637400
24.06.2016;354.75;14.95;373.75;388.5;306.25;4880500
27.06.2016;373.25;14.72;368;417;365.25;4237600
28.06.2016;336.25;11.43;285.75;337;282;3006200
29.06.2016;264.5;10.09;252.25;265.25;245.75;2488600
30.06.2016;244.5;9.43;235.75;251;233;2558600
01.07.2016;232;8.85;221.25;233.75;218.75;2847100
05.07.2016;229.25;9.16;229;245.75;227.25;2431700
06.07.2016;236.25;8.690001;217.25;243;217;2644000
07.07.2016;210.5;8.320001;208;226.75;203.75;2324300
08.07.2016;195;7.320001;183;197.75;180.25;2185200
11.07.2016;177.75;7.33;183.25;184;174;1520400
12.07.2016;174.5;7;175;182.5;173.25;1731700
13.07.2016;171;6.78;169.5;177.5;168;2041400
14.07.2016;165.25;6.74;168.5;170.5;163;2039000
15.07.2016;166;6.69;167.25;177.75;164.25;2599600
18.07.2016;168.5;6.44;161;170.25;158.25;1890700
19.07.2016;161;6.41;160.25;166;156.5;1716800
20.07.2016;154.5;6.08;152;157.5;149;1685200
21.07.2016;153;6.41;160.25;164.25;150.5;2301800
22.07.2016;158;6.1;152.5;160.5;149.25;1751000
25.07.2016;150.25;30.200001;151;162.149994;148.149994;4145000
26.07.2016;151;29.629999;148.149994;156.649994;147.75;4327800
27.07.2016;143.75;28.25;141.25;152.300003;138.5;5185500
28.07.2016;142.5;27.24;136.199997;145.800003;134.300003;4685700
29.07.2016;135.899994;25.35;126.75;136.449997;124.5;4766700
01.08.2016;124.449997;24.43;122.150002;128.800003;118.849998;5812500
02.08.2016;124.900002;26.310001;131.550003;139;123.5;9254000
03.08.2016;132.149994;25.039999;125.199997;134.800003;125;4568500
04.08.2016;121.75;23.67;118.349998;124.599998;116.599998;5140900
05.08.2016;112.449997;22.030001;110.150002;112.699997;107.349998;5927700
08.08.2016;107.199997;21.039999;105.199997;108.349998;105.150002;3495800
09.08.2016;102.25;20.35;101.75;105.099998;97.75;6177100
10.08.2016;100.5;21.32;106.599998;110.650002;100.099998;7107300
11.08.2016;104.099998;21.1;105.5;106.75;101.300003;4535000
12.08.2016;105.650002;20.700001;103.5;108.25;102.050003;4787300
15.08.2016;101.300003;20.039999;100.199997;101.900002;99.25;3648900
16.08.2016;104.199997;21.450001;107.25;108.400002;104.099998;4852900
17.08.2016;106.349998;20.310001;101.550003;112;100.699997;6559100
18.08.2016;102.300003;19.610001;98.050003;103.849998;98;4457400
19.08.2016;100.150002;19.75;98.75;102;98;4583400
22.08.2016;100.099998;19.910002;99.550003;102.75;98.75;6065000
23.08.2016;98.099998;19.810001;99.050003;99.400002;96.900002;4261600
24.08.2016;99.900002;20.67;103.349998;105.599998;99.5;6027800
25.08.2016;106.949997;20.67;103.349998;107.349998;101.050003;5669600
26.08.2016;101.75;20.83;104.150002;111.050003;96.25;13021000
29.08.2016;103.449997;19.99;99.949997;103.5;98.699997;4512700
30.08.2016;99.050003;19.65;98.25;101.699997;97.599998;4740300
31.08.2016;98.900002;19.85;99.25;104.349998;97.949997;6188900
01.09.2016;98.25;19.630001;98.150002;103.5;97.5;6250000
02.09.2016;94.349998;18.27;91.349998;95.150002;91.199997;5951100
06.09.2016;89.75;17.300001;86.5;91.449997;86.300003;5089700
07.09.2016;86.5;16.800001;84;87.099998;83.800003;4312800
08.09.2016;84.300003;16.93;84.650002;86.800003;83.849998;4730800
09.09.2016;91.5;22.42;112.099998;112.5;90.800003;15276400
12.09.2016;114.599998;19.4;97;117;94.75;14305100
13.09.2016;105.199997;24.630001;123.150002;130.5;104.550003;18410500
14.09.2016;120.449997;24.5;122.5;126.050003;110.599998;11203400
15.09.2016;122.25;22.630001;113.150002;126.75;110.300003;7628000
16.09.2016;118.199997;22.08;110.400002;122.300003;109;9716800
19.09.2016;102.849998;20.93;104.650002;108.949997;98.5;6715100
20.09.2016;99.75;20.59;102.949997;106.400002;99.599998;5202600
21.09.2016;100.099998;17.4;87;103.099998;85.75;10183600
22.09.2016;82.300003;16.200001;81;84.349998;80.699997;5328300
23.09.2016;81.849998;16.49;82.449997;83.400002;80.400002;5244400
26.09.2016;88.699997;18.280001;91.400002;93.300003;87.550003;8243900
27.09.2016;91.300003;16.380001;81.900002;92.75;80.599998;6305200
28.09.2016;80.900002;16.030001;80.150002;86.599998;79.699997;6124300
29.09.2016;80.900002;18;90;95.849998;78.349998;14581300
30.09.2016;84.25;16.65;83.25;87.349998;81.099998;8995800
03.10.2016;85.150002;16.450001;82.25;86.449997;81.75;6355700
04.10.2016;81.099998;16.389999;81.949997;86.050003;78.699997;10579600
05.10.2016;80.099998;16.139999;80.699997;81.25;79.25;5276700
06.10.2016;80.949997;15.830001;79.150002;82.199997;78.550003;5359900
07.10.2016;78.300003;15.889999;79.449997;82.849998;77.650002;7140600
10.10.2016;77.5;15.19;75.949997;78.050003;74.650002;4045100
11.10.2016;77.050003;16.82;84.099998;86.599998;76.800003;10332300
12.10.2016;83.599998;16.910002;84.550003;86.5;80.5;8390400
13.10.2016;91.050003;17.969999;89.849998;95.849998;87.25;12421900
14.10.2016;84.5;17.58;87.900002;89;83.25;8448000
17.10.2016;86.800003;17.410002;87.050003;89.400002;85.75;5814500
18.10.2016;82.300003;16.02;80.099998;83.5;79.75;5539900
19.10.2016;76.5;15.260001;76.300003;78.75;75.050003;5240000
20.10.2016;76.550003;14.85;74.25;78.099998;73.75;7192700
21.10.2016;75.050003;14.23;71.150002;75.75;70.900002;6061200
24.10.2016;67.900002;13.23;66.150002;68;65.5;4804200
25.10.2016;66;13.45;67.25;69;65.849998;5669200
26.10.2016;70.300003;14.13;70.650002;71.449997;67.599998;6048800
27.10.2016;68.400002;14.639999;73.199997;73.75;68.25;5754500
28.10.2016;73.550003;15.88;79.400002;82;71.849998;12468600
31.10.2016;78.449997;16.59;82.949997;84;78.099998;6613600
01.11.2016;83.050003;17.57;87.849998;95.599998;83.050003;14936800
02.11.2016;88.5;18.32;91.599998;93.400002;87.550003;11521900
03.11.2016;91.449997;20.380001;101.900002;104.199997;90.550003;12556100
04.11.2016;99.25;20.389999;101.949997;103.150002;94.050003;12549000
07.11.2016;84.5;15.3;76.5;86.349998;76;9669100
08.11.2016;76.599998;14.27;71.349998;78.449997;70.349998;9416800
09.11.2016;79.400002;13.55;67.75;79.75;65.650002;20420600
10.11.2016;63.799999;14.18;70.900002;75.550003;62.599998;17557100
11.11.2016;73.300003;13.54;67.699997;74.900002;67.150002;10501800
14.11.2016;68.5;13.42;67.099998;72.099998;66.400002;9044300
15.11.2016;65.699997;12.3;61.5;67.199997;61.400002;8088700
16.11.2016;63.650002;12.39;61.950001;63.75;60.599998;5394100
17.11.2016;61.650002;11.61;58.049999;62.150002;58.049999;5301800
18.11.2016;58.150002;11.52;57.599998;59.599998;57;4754400
21.11.2016;56.200001;10.5;52.5;56.299999;52.299999;5082000
22.11.2016;52.5;10.66;53.299999;55.549999;52.049999;4959100
23.11.2016;54.349998;10.690001;53.450001;55.200001;52.950001;4138000
25.11.2016;53.150002;10.57;52.849998;54.200001;52.650002;1874800
28.11.2016;53.849998;10.75;53.75;55.5;52.75;5403300
29.11.2016;53.900002;10.59;52.950001;54.75;51.5;4272700
30.11.2016;51.400002;10.6;53;53.549999;51.150002;6088800
01.12.2016;52.75;11.43;57.150002;59.099998;52.400002;8082200
02.12.2016;57.799999;11.440001;57.200001;58.400002;53.950001;7289300
05.12.2016;53.150002;9.93;49.650002;53.700001;49.25;6575200
06.12.2016;47.650002;9.21;46.049999;48.299999;45.650002;5444000
07.12.2016;45.75;9.27;46.349998;46.950001;43.900002;7497000
08.12.2016;46.450001;9.31;46.549999;49.849998;46;9549000
09.12.2016;47.450001;9.14;45.700001;47.549999;45.200001;5773300
12.12.2016;45.650002;9.25;46.25;47.25;45.450001;4974600
13.12.2016;46.049999;9.43;47.150002;48.700001;45.75;5315900
14.12.2016;47.599998;9.37;46.849998;48;44.049999;10729500
15.12.2016;45.400002;9.080001;45.400002;46.700001;44.650002;4998400
16.12.2016;44.299999;8.85;44.25;45.549999;43.75;5322200
19.12.2016;43.25;8.23;41.150002;43.299999;41.049999;5157500
20.12.2016;40.349998;7.91;39.549999;40.549999;39.099998;4406400
21.12.2016;39.099998;7.67;38.349998;39.299999;38.099998;3774700
22.12.2016;38.299999;7.89;39.450001;39.950001;37.900002;4368100
23.12.2016;39.950001;7.83;39.150002;40.299999;39.049999;2837200
27.12.2016;39.150002;7.630001;38.150002;39.200001;37.799999;2442500
28.12.2016;37.75;8.16;40.799999;40.900002;37.5;5258500
29.12.2016;40.950001;8.38;41.900002;43.049999;40.200001;7881800
30.12.2016;41;8.75;43.75;44.599998;41;6940900
03.01.2017;40.150002;7.5;37.5;40.700001;37.349998;6726800
04.01.2017;36.549999;6.73;33.650002;36.549999;32.849998;6443200
05.01.2017;34.200001;6.68;33.400002;35.400002;33.299999;5396400
06.01.2017;32.75;6.51;32.549999;33.25;31.15;6949300
09.01.2017;32.549999;6.48;32.400002;33.400002;31.4;4553700
10.01.2017;31.65;6.38;31.9;32.849998;31.15;4305400
11.01.2017;32.049999;6.12;30.6;33.200001;30.35;7559200
12.01.2017;31.059999;30.52;30.52;33.630001;30.450001;29532700
13.01.2017;30.219999;30.629999;30.629999;31.299999;29.799999;13606300
17.01.2017;31.48;30.4;30.4;31.67;30.18;15550000
18.01.2017;30.09;30.190001;30.190001;30.49;29.27;13970900
19.01.2017;29.780001;30.809999;30.809999;31.35;29.59;14728100
20.01.2017;30.15;28.4;28.4;30.379999;28.4;21876000
23.01.2017;28.5;27.950001;27.950001;29.549999;27.91;18085300
24.01.2017;27.23;25.34;25.34;27.309999;25.09;19358800
25.01.2017;24.610001;24.1;24.1;24.82;23.93;14193400
26.01.2017;24.309999;24.41;24.41;24.91;23.870001;16764600
27.01.2017;24.25;23.83;23.83;24.65;23.68;12181500
30.01.2017;24.82;25.200001;25.200001;27.23;24.809999;31055800
31.01.2017;25.610001;24.92;24.92;26.530001;24.9;23151000
01.02.2017;23.959999;24.139999;24.139999;24.76;23.540001;20092800
02.02.2017;24.51;24.469999;24.469999;24.950001;24.030001;17312100
03.02.2017;23.48;23.530001;23.530001;23.799999;22.98;15554200
06.02.2017;24.01;23.469999;23.469999;24.129999;23.23;17133000
07.02.2017;23.370001;23.82;23.82;23.91;23.25;14363400
08.02.2017;24;23.620001;23.620001;24.559999;23.32;18083000
09.02.2017;23.42;22.65;22.65;23.48;22.200001;14869700
10.02.2017;22.15;21.91;21.91;22.26;21.610001;14609000
13.02.2017;21.17;20.530001;20.530001;21.27;20.389999;17069900
14.02.2017;20.48;18.75;18.75;20.549999;18.73;20572700
15.02.2017;18.709999;19.809999;19.809999;19.99;18.49;23891400
16.02.2017;19.9;20.110001;20.110001;22.16;19.82;32378200
17.02.2017;21.1;20.25;20.25;21.389999;20.049999;18790700
21.02.2017;19.68;20.690001;20.690001;20.84;19.530001;16058100
22.02.2017;21.040001;20.870001;20.870001;21.629999;20.35;17940400
23.02.2017;20.959999;21.969999;21.969999;22.629999;20.85;24887900
24.02.2017;23.6;21.440001;21.440001;23.82;21.299999;25904900
27.02.2017;21.5;21.200001;21.200001;21.82;20.26;18464600
28.02.2017;21.43;22.299999;22.299999;22.530001;21.15;20503100
01.03.2017;20.33;21.34;21.34;21.41;20.1;21366700
02.03.2017;21.379999;21.43;21.43;21.860001;20.549999;22203500
03.03.2017;20.85;20.129999;20.129999;20.91;19.969999;19539200
06.03.2017;20.059999;19.4;19.4;20.24;19.24;17258000
07.03.2017;19.4;19.4;19.4;19.82;18.75;18556900
08.03.2017;19.01;19.66;19.66;19.809999;18.639999;20185400
09.03.2017;19.459999;19.49;19.49;20.139999;19.01;22702100
10.03.2017;19.09;18.9;18.9;19.66;18.870001;21765100
13.03.2017;18.780001;18.15;18.15;18.98;18.1;15382200
14.03.2017;18.290001;18.82;18.82;19.07;18.01;23690600
15.03.2017;18.35;17.42;17.42;18.48;17.110001;28470900
16.03.2017;17.200001;16.700001;16.700001;17.32;16.65;23143900
17.03.2017;16.459999;16.32;16.32;16.530001;15.83;22592600
20.03.2017;16.26;16.35;16.35;16.35;15.88;15856300
21.03.2017;15.72;17.559999;17.559999;17.879999;15.46;61110200
22.03.2017;17.870001;17.73;17.73;18.389999;17.190001;40317700
23.03.2017;18.059999;18.969999;18.969999;19.129999;17.26;32885500
24.03.2017;18.370001;18.219999;18.219999;19.9;17.57;46647500
27.03.2017;19.66;17.51;17.51;19.9;17.18;40166200
28.03.2017;17.15;15.63;15.63;17.190001;15.56;29556600
29.03.2017;15.51;15.49;15.49;15.74;15.16;14978400
30.03.2017;15.52;15.64;15.64;15.91;15.35;20649800
31.03.2017;15.66;16.17;16.17;16.23;15.43;18595300
03.04.2017;16.17;16.32;16.32;17.5;16;29836700
04.04.2017;16.76;15.93;15.93;16.9;15.76;20524200
05.04.2017;15.55;16.940001;16.940001;17.049999;15.19;33904500
06.04.2017;16.540001;16.299999;16.299999;16.799999;15.6;36195300
07.04.2017;16.77;17.5;17.5;17.59;16.41;36913400
10.04.2017;17.620001;18.75;18.75;18.75;17.18;36107100
11.04.2017;19.690001;20.450001;20.450001;20.84;19.4;56960700
12.04.2017;20.5;20.66;20.66;21.07;19.93;45368000
13.04.2017;20.780001;21.459999;21.459999;21.75;19.950001;44629600
17.04.2017;20.709999;19.26;19.26;20.75;19.26;33803400
18.04.2017;19.75;18.959999;18.959999;20.450001;18.91;33219000
19.04.2017;18.35;19.85;19.85;20.139999;18.110001;33909000
20.04.2017;19.299999;18.83;18.83;19.92;18.51;35684800
21.04.2017;19.09;18.99;18.99;19.799999;18.889999;33014900
24.04.2017;15.88;14.93;14.93;16.4;14.81;36045200
25.04.2017;14.45;14.22;14.22;14.62;14.14;18288700
26.04.2017;14.3;14.49;14.49;14.94;14.16;26551500
27.04.2017;14.18;14.2;14.2;14.55;14.11;22569800
28.04.2017;14.24;14.18;14.18;14.53;14.16;19962000
01.05.2017;13.9;13.1;13.1;13.94;12.86;23878500
02.05.2017;13.06;13.17;13.17;13.43;13.01;20761800
03.05.2017;13.49;13.69;13.69;13.83;13.24;21963700
04.05.2017;13.27;13.02;13.02;13.95;12.95;31204500
05.05.2017;12.95;13.15;13.15;13.26;12.82;20608600
08.05.2017;12.73;12.49;12.49;12.78;12.31;22344300
09.05.2017;12.11;12.43;12.43;12.6;12.05;21284700
10.05.2017;12.55;12.51;12.51;12.55;12.3;15139100
11.05.2017;12.82;12.44;12.44;13.39;12.42;30375100
12.05.2017;12.59;12.41;12.41;12.68;12.4;15275400
15.05.2017;12.15;11.86;11.86;12.23;11.79;17679700
16.05.2017;11.61;11.63;11.63;11.89;11.5;20971000
17.05.2017;13.1;15.85;15.85;15.88;12.71;88850000
18.05.2017;15.62;15.13;15.13;15.84;14.19;65709300
19.05.2017;14.08;12.95;12.95;14.15;12.44;52482300
22.05.2017;12.2;11.74;11.74;12.22;11.65;28680300
23.05.2017;11.63;11.7;11.7;11.94;11.54;23911800
24.05.2017;11.63;11.11;11.11;11.93;11;28208400
25.05.2017;11.09;11.33;11.33;11.5;10.98;28526600
26.05.2017;11.44;10.95;10.95;11.44;10.9;24223200
30.05.2017;11.21;10.79;10.79;11.27;10.74;22567700
31.05.2017;10.68;10.99;10.99;11.48;10.62;40747300
01.06.2017;10.69;10.47;10.47;10.77;10.44;21603400
02.06.2017;10.55;10.51;10.51;10.63;10.3;21609300
05.06.2017;10.61;10.58;10.58;10.62;10.16;20256000
